<?xml version="1.0" encoding="UTF-8"?>
<vivadoHLSLog:LogRoot xmlns:vivadoHLSLog="www.xilinx.com/vivadoHLSLog">
  <errorLogs>
    <logs>
      <synLog/>
      <simLog/>
      <mgLog/>
      <packageLog/>
      <csimLog/>
    </logs>
  </errorLogs>
  <warningLogs>
    <logs>
      <synLog>
        <logs message="WARNING: [RTGEN 206-101] Global array 'C_val' will not be exposed as RTL port." projectName="lague" solutionName="solution1" date="2020-05-07T05:11:25.639+0430" type="Warning"/>
        <logs message="WARNING: [RTGEN 206-101] Global array 'B_val' will not be exposed as RTL port." projectName="lague" solutionName="solution1" date="2020-05-07T05:11:25.631+0430" type="Warning"/>
        <logs message="WARNING: [RTGEN 206-101] Global array 'A_val' will not be exposed as RTL port." projectName="lague" solutionName="solution1" date="2020-05-07T05:11:25.620+0430" type="Warning"/>
        <logs message="WARNING: [SCHED 204-65] Unable to satisfy pipeline directive: Function contains subloop(s) not being unrolled." projectName="lague" solutionName="solution1" date="2020-05-07T05:11:23.792+0430" type="Warning"/>
        <logs message="WARNING: [SYN 201-107] Renaming port name 'lague/out' to 'lague/out_r' to avoid the conflict with HDL keywords or other object names." projectName="lague" solutionName="solution1" date="2020-05-07T05:11:22.869+0430" type="Warning"/>
        <logs message="WARNING: [XFORM 203-542] Cannot flatten a loop nest 'Loop-7' (lague/core.cpp:76:19) in function 'lague' : &#xD;&#xA;&#xD;&#xA;the outer loop is not a perfect loop because there is nontrivial logic in the loop latch." projectName="lague" solutionName="solution1" date="2020-05-07T05:11:22.810+0430" type="Warning"/>
        <logs message="WARNING: [XFORM 203-503] Cannot unroll loop 'Loop-1' (lague/core.cpp:19) in function 'RecurCoefLague' completely: variable loop bound." projectName="lague" solutionName="solution1" date="2020-05-07T05:11:21.349+0430" type="Warning"/>
        <logs message="WARNING: [XFORM 203-503] Cannot unroll loop 'Loop-6.1' (lague/core.cpp:97) in function 'lague': cannot completely unroll a loop with a variable trip count." projectName="lague" solutionName="solution1" date="2020-05-07T05:11:21.273+0430" type="Warning"/>
        <logs message="WARNING: [XFORM 203-503] Cannot unroll loop 'Loop-6' (lague/core.cpp:76) in function 'lague': cannot completely unroll a loop with a variable trip count." projectName="lague" solutionName="solution1" date="2020-05-07T05:11:21.261+0430" type="Warning"/>
        <logs message="WARNING: [XFORM 203-503] Cannot unroll loop 'Loop-5' (lague/core.cpp:70) in function 'lague' completely: variable loop bound." projectName="lague" solutionName="solution1" date="2020-05-07T05:11:21.252+0430" type="Warning"/>
        <logs message="WARNING: [XFORM 203-503] Cannot unroll loop 'Loop-4' (lague/core.cpp:54) in function 'lague': cannot completely unroll a loop with a variable trip count." projectName="lague" solutionName="solution1" date="2020-05-07T05:11:21.242+0430" type="Warning"/>
        <logs message="WARNING: [XFORM 203-503] Cannot unroll loop 'Loop-3' (lague/core.cpp:50) in function 'lague': cannot completely unroll a loop with a variable trip count." projectName="lague" solutionName="solution1" date="2020-05-07T05:11:21.231+0430" type="Warning"/>
        <logs message="WARNING: [XFORM 203-503] Cannot unroll loop 'Loop-2' (lague/core.cpp:46) in function 'lague': cannot completely unroll a loop with a variable trip count." projectName="lague" solutionName="solution1" date="2020-05-07T05:11:21.223+0430" type="Warning"/>
        <logs message="WARNING: [XFORM 203-503] Cannot unroll loop 'Loop-1' (lague/core.cpp:38) in function 'lague': cannot completely unroll a loop with a variable trip count." projectName="lague" solutionName="solution1" date="2020-05-07T05:11:21.213+0430" type="Warning"/>
      </synLog>
      <simLog/>
      <mgLog/>
      <packageLog>
        <logs message="WARNING: [IP_Flow 19-4832] The IP name 'lague_ap_sitodp_4_no_dsp_32' you have specified is long. The Windows operating system has path length limitations. It is recommended you use shorter names to reduce the likelihood of issues." projectName="lague" solutionName="solution1" date="2020-05-07T05:14:44.762+0430" type="Warning"/>
        <logs message="WARNING: [IP_Flow 19-4832] The IP name 'lague_ap_dmul_4_max_dsp_64' you have specified is long. The Windows operating system has path length limitations. It is recommended you use shorter names to reduce the likelihood of issues." projectName="lague" solutionName="solution1" date="2020-05-07T05:14:39.560+0430" type="Warning"/>
        <logs message="WARNING: [IP_Flow 19-4832] The IP name 'lague_ap_ddiv_29_no_dsp_64' you have specified is long. The Windows operating system has path length limitations. It is recommended you use shorter names to reduce the likelihood of issues." projectName="lague" solutionName="solution1" date="2020-05-07T05:14:32.126+0430" type="Warning"/>
        <logs message="WARNING: [IP_Flow 19-4832] The IP name 'lague_ap_dadddsub_3_full_dsp_64' you have specified is long. The Windows operating system has path length limitations. It is recommended you use shorter names to reduce the likelihood of issues." projectName="lague" solutionName="solution1" date="2020-05-07T05:14:20.824+0430" type="Warning"/>
        <logs message="WARNING: [IP_Flow 19-4832] The IP name 'lague_ap_dadd_3_full_dsp_64' you have specified is long. The Windows operating system has path length limitations. It is recommended you use shorter names to reduce the likelihood of issues.&#xD;&#xA;create_ip: Time (s): cpu = 00:00:06 ; elapsed = 00:00:28 . Memory (MB): peak = 419.395 ; gain = 41.777" projectName="lague" solutionName="solution1" date="2020-05-07T05:14:14.092+0430" type="Warning"/>
      </packageLog>
      <csimLog/>
    </logs>
  </warningLogs>
</vivadoHLSLog:LogRoot>
