<?xml version="1.0" encoding="UTF-8"?>
<vivadoHLSLog:LogRoot xmlns:vivadoHLSLog="www.xilinx.com/vivadoHLSLog">
  <errorLogs>
    <logs>
      <synLog/>
      <simLog/>
      <mgLog/>
      <packageLog/>
      <csimLog/>
    </logs>
  </errorLogs>
  <warningLogs>
    <logs>
      <synLog>
        <logs message="WARNING: [SCHED 204-65] Unable to satisfy pipeline directive: Function contains subloop(s) not being unrolled." projectName="Herm2" solutionName="solution1" date="2020-04-30T17:54:50.803+0430" type="Warning"/>
        <logs message="WARNING: [SYN 201-107] Renaming port name 'Herm2/out' to 'Herm2/out_r' to avoid the conflict with HDL keywords or other object names." projectName="Herm2" solutionName="solution1" date="2020-04-30T17:54:50.221+0430" type="Warning"/>
        <logs message="WARNING: [XFORM 203-542] Cannot flatten a loop nest 'Loop-6' (Herm2/core.cpp:56:19) in function 'Herm2' : &#xD;&#xA;&#xD;&#xA;the outer loop is not a perfect loop because there is nontrivial logic in the loop latch." projectName="Herm2" solutionName="solution1" date="2020-04-30T17:54:50.163+0430" type="Warning"/>
        <logs message="WARNING: [XFORM 203-542] Cannot flatten a loop nest 'Loop-6.1' (Herm2/core.cpp:69:17) in function 'Herm2' : &#xD;&#xA;&#xD;&#xA;the outer loop is not a perfect loop because there is nontrivial logic before entering the inner loop." projectName="Herm2" solutionName="solution1" date="2020-04-30T17:54:49.920+0430" type="Warning"/>
        <logs message="WARNING: [XFORM 203-503] Cannot unroll loop 'Loop-6.1.1' (Herm2/core.cpp:94) in function 'Herm2' completely: variable loop bound." projectName="Herm2" solutionName="solution1" date="2020-04-30T17:54:49.440+0430" type="Warning"/>
        <logs message="WARNING: [XFORM 203-503] Cannot unroll loop 'Loop-6.1' (Herm2/core.cpp:69) in function 'Herm2': cannot completely unroll a loop with a variable trip count." projectName="Herm2" solutionName="solution1" date="2020-04-30T17:54:49.347+0430" type="Warning"/>
        <logs message="WARNING: [XFORM 203-503] Cannot unroll loop 'Loop-6' (Herm2/core.cpp:56) in function 'Herm2': cannot completely unroll a loop with a variable trip count." projectName="Herm2" solutionName="solution1" date="2020-04-30T17:54:49.331+0430" type="Warning"/>
        <logs message="WARNING: [XFORM 203-503] Cannot unroll loop 'Loop-5' (Herm2/core.cpp:51) in function 'Herm2' completely: variable loop bound." projectName="Herm2" solutionName="solution1" date="2020-04-30T17:54:49.316+0430" type="Warning"/>
        <logs message="WARNING: [XFORM 203-503] Cannot unroll loop 'Loop-4' (Herm2/core.cpp:36) in function 'Herm2': cannot completely unroll a loop with a variable trip count." projectName="Herm2" solutionName="solution1" date="2020-04-30T17:54:49.301+0430" type="Warning"/>
        <logs message="WARNING: [XFORM 203-503] Cannot unroll loop 'Loop-3' (Herm2/core.cpp:32) in function 'Herm2': cannot completely unroll a loop with a variable trip count." projectName="Herm2" solutionName="solution1" date="2020-04-30T17:54:49.288+0430" type="Warning"/>
        <logs message="WARNING: [XFORM 203-503] Cannot unroll loop 'Loop-2' (Herm2/core.cpp:28) in function 'Herm2': cannot completely unroll a loop with a variable trip count." projectName="Herm2" solutionName="solution1" date="2020-04-30T17:54:49.273+0430" type="Warning"/>
        <logs message="WARNING: [XFORM 203-503] Cannot unroll loop 'Loop-1' (Herm2/core.cpp:22) in function 'Herm2': cannot completely unroll a loop with a variable trip count." projectName="Herm2" solutionName="solution1" date="2020-04-30T17:54:49.262+0430" type="Warning"/>
        <logs message="WARNING: [HLS 200-484] The 'config_sdx -optimization_level' command is deprecated and will be removed in a future release." projectName="Herm2" solutionName="solution1" date="2020-04-30T17:54:14.268+0430" type="Warning"/>
        <logs message="WARNING: [HLS 200-483] The 'config_sdx -optimization_level' command is deprecated and will be removed in a future release. Use 'config_export -vivado_optimization_level' as its replacement." projectName="Herm2" solutionName="solution1" date="2020-04-30T17:54:14.188+0430" type="Warning"/>
      </synLog>
      <simLog/>
      <mgLog/>
      <packageLog>
        <logs message="WARNING: [IP_Flow 19-4832] The IP name 'Herm2_ap_sitodp_4_no_dsp_32' you have specified is long. The Windows operating system has path length limitations. It is recommended you use shorter names to reduce the likelihood of issues." projectName="Herm2" solutionName="solution1" date="2020-04-30T17:56:24.351+0430" type="Warning"/>
        <logs message="WARNING: [IP_Flow 19-4832] The IP name 'Herm2_ap_dmul_4_max_dsp_64' you have specified is long. The Windows operating system has path length limitations. It is recommended you use shorter names to reduce the likelihood of issues." projectName="Herm2" solutionName="solution1" date="2020-04-30T17:56:19.750+0430" type="Warning"/>
        <logs message="WARNING: [IP_Flow 19-4832] The IP name 'Herm2_ap_dadddsub_3_full_dsp_64' you have specified is long. The Windows operating system has path length limitations. It is recommended you use shorter names to reduce the likelihood of issues.&#xD;&#xA;create_ip: Time (s): cpu = 00:00:04 ; elapsed = 00:00:06 . Memory (MB): peak = 418.219 ; gain = 41.293" projectName="Herm2" solutionName="solution1" date="2020-04-30T17:56:13.062+0430" type="Warning"/>
        <logs message="WARNING: [IMPL 213-205] Ignored option '-use_netlist' which is only valid for 'pcore'." projectName="Herm2" solutionName="solution1" date="2020-04-30T17:55:50.646+0430" type="Warning"/>
      </packageLog>
      <csimLog/>
    </logs>
  </warningLogs>
</vivadoHLSLog:LogRoot>
