<?xml version="1.0" encoding="UTF-8"?>
<vivadoHLSLog:LogRoot xmlns:vivadoHLSLog="www.xilinx.com/vivadoHLSLog">
  <errorLogs>
    <logs>
      <synLog/>
      <simLog/>
      <mgLog/>
      <packageLog/>
      <csimLog/>
    </logs>
  </errorLogs>
  <warningLogs>
    <logs>
      <synLog>
        <logs message="WARNING: [RTGEN 206-101] Setting dangling out port 'herm2/p_Din_A' to 0." projectName="FOrthopoly" solutionName="solution1" date="2020-05-13T23:33:17.421+0430" type="Warning"/>
        <logs message="WARNING: [RTGEN 206-101] Setting dangling out port 'herm2/p_WEN_A' to 0." projectName="FOrthopoly" solutionName="solution1" date="2020-05-13T23:33:17.383+0430" type="Warning"/>
        <logs message="WARNING: [RTGEN 206-101] Setting dangling out port 'Herm2DerK/P_Din_A' to 0." projectName="FOrthopoly" solutionName="solution1" date="2020-05-13T23:33:16.665+0430" type="Warning"/>
        <logs message="WARNING: [RTGEN 206-101] Setting dangling out port 'Herm2DerK/P_WEN_A' to 0." projectName="FOrthopoly" solutionName="solution1" date="2020-05-13T23:33:16.645+0430" type="Warning"/>
        <logs message="WARNING: [RTGEN 206-101] Setting dangling out port 'Herm2Der/P_Din_A' to 0." projectName="FOrthopoly" solutionName="solution1" date="2020-05-13T23:33:16.053+0430" type="Warning"/>
        <logs message="WARNING: [RTGEN 206-101] Setting dangling out port 'Herm2Der/P_WEN_A' to 0." projectName="FOrthopoly" solutionName="solution1" date="2020-05-13T23:33:15.997+0430" type="Warning"/>
        <logs message="WARNING: [RTGEN 206-101] Setting dangling out port 'Herm2Val/P_Din_A' to 0." projectName="FOrthopoly" solutionName="solution1" date="2020-05-13T23:33:14.276+0430" type="Warning"/>
        <logs message="WARNING: [RTGEN 206-101] Setting dangling out port 'Herm2Val/P_WEN_A' to 0." projectName="FOrthopoly" solutionName="solution1" date="2020-05-13T23:33:14.220+0430" type="Warning"/>
        <logs message="WARNING: [SYN 201-107] Renaming port name 'herm2/Val' to 'herm2/Val_r' to avoid the conflict with HDL keywords or other object names." projectName="FOrthopoly" solutionName="solution1" date="2020-05-13T23:33:10.712+0430" type="Warning"/>
      </synLog>
      <simLog/>
      <mgLog/>
      <packageLog>
        <logs message="WARNING: [IP_Flow 19-4832] The IP name 'herm2_ap_sitodp_4_no_dsp_32' you have specified is long. The Windows operating system has path length limitations. It is recommended you use shorter names to reduce the likelihood of issues." projectName="FOrthopoly" solutionName="solution1" date="2020-05-13T23:41:48.098+0430" type="Warning"/>
        <logs message="WARNING: [IP_Flow 19-4832] The IP name 'herm2_ap_dmul_4_max_dsp_64' you have specified is long. The Windows operating system has path length limitations. It is recommended you use shorter names to reduce the likelihood of issues." projectName="FOrthopoly" solutionName="solution1" date="2020-05-13T23:41:41.988+0430" type="Warning"/>
        <logs message="WARNING: [IP_Flow 19-4832] The IP name 'herm2_ap_dadddsub_3_full_dsp_64' you have specified is long. The Windows operating system has path length limitations. It is recommended you use shorter names to reduce the likelihood of issues.&#xD;&#xA;create_ip: Time (s): cpu = 00:00:06 ; elapsed = 00:00:13 . Memory (MB): peak = 418.984 ; gain = 42.469" projectName="FOrthopoly" solutionName="solution1" date="2020-05-13T23:41:33.086+0430" type="Warning"/>
      </packageLog>
      <csimLog/>
    </logs>
  </warningLogs>
</vivadoHLSLog:LogRoot>
