<?xml version="1.0" encoding="utf-8"?>
<xd:acceleratorMap xmlns:xd="http://www.xilinx.com/xidane" xd:functionName="lague" xd:componentRef="lague" xd:initiationInterval="x" xd:clockPeriod="10.000" xd:sequential="true" xd:hostMachine="64" xd:reset="control">
  <xd:returnValue xd:interfaceRef="s_axi_CRTL_BUS" xd:busTypeRef="axilite" xd:offset="0x10" xd:statusOffset="0x14" xd:dataWidth="32"/>
  <xd:controlReg xd:name="control" xd:interfaceRef="s_axi_CRTL_BUS" xd:busTypeRef="axilite" xd:type="generic_axi_lite" xd:offset="0x0"/>
  <xd:arg xd:name="op" xd:originalName="op" xd:direction="in" xd:interfaceRef="s_axi_CRTL_BUS" xd:busTypeRef="axilite" xd:offset="0x18" xd:handshakeRef="ap_none" xd:dataWidth="32"/>
  <xd:arg xd:name="size" xd:originalName="size" xd:direction="in" xd:interfaceRef="s_axi_CRTL_BUS" xd:busTypeRef="axilite" xd:offset="0x20" xd:handshakeRef="ap_none" xd:dataWidth="32"/>
  <xd:arg xd:name="inx[]" xd:originalName="inx" xd:direction="inout" xd:interfaceRef="inx_PORTA" xd:busTypeRef="bram" xd:arraySize="200" xd:dataWidth="64"/>
  <xd:arg xd:name="inp[]" xd:originalName="inp" xd:direction="inout" xd:interfaceRef="inp_PORTA" xd:busTypeRef="bram" xd:arraySize="200" xd:dataWidth="64"/>
  <xd:arg xd:name="out[]" xd:originalName="out" xd:direction="out" xd:interfaceRef="out_r_PORTA" xd:busTypeRef="bram" xd:arraySize="600" xd:dataWidth="64"/>
  <xd:arg xd:name="out[]" xd:originalName="out" xd:direction="out" xd:interfaceRef="out_r_PORTB" xd:busTypeRef="bram" xd:arraySize="600" xd:dataWidth="64"/>
  <xd:latencyEstimates xd:best-case="undef" xd:worst-case="undef" xd:average-case="undef"/>
  <xd:resourceEstimates xd:LUT="22757" xd:FF="15906" xd:BRAM="12" xd:DSP="31"/>
</xd:acceleratorMap>
