<?xml version="1.0" encoding="UTF-8"?>
<vivadoHLSLog:LogRoot xmlns:vivadoHLSLog="www.xilinx.com/vivadoHLSLog">
  <errorLogs>
    <logs>
      <synLog/>
      <simLog/>
      <mgLog/>
      <packageLog/>
      <csimLog/>
    </logs>
  </errorLogs>
  <warningLogs>
    <logs>
      <synLog>
        <logs message="WARNING: [RTGEN 206-101] Setting dangling out port 'lague/p_Din_A' to 0." projectName="FOrthopoly" solutionName="solution1" date="2020-05-14T15:28:47.815+0430" type="Warning"/>
        <logs message="WARNING: [RTGEN 206-101] Setting dangling out port 'lague/p_WEN_A' to 0." projectName="FOrthopoly" solutionName="solution1" date="2020-05-14T15:28:47.749+0430" type="Warning"/>
        <logs message="WARNING: [RTGEN 206-101] Setting dangling out port 'LagueDerK/P_Din_A' to 0." projectName="FOrthopoly" solutionName="solution1" date="2020-05-14T15:28:46.274+0430" type="Warning"/>
        <logs message="WARNING: [RTGEN 206-101] Setting dangling out port 'LagueDerK/P_WEN_A' to 0." projectName="FOrthopoly" solutionName="solution1" date="2020-05-14T15:28:46.253+0430" type="Warning"/>
        <logs message="WARNING: [RTGEN 206-101] Setting dangling out port 'LagueDer/P_Din_A' to 0." projectName="FOrthopoly" solutionName="solution1" date="2020-05-14T15:28:45.434+0430" type="Warning"/>
        <logs message="WARNING: [RTGEN 206-101] Setting dangling out port 'LagueDer/P_WEN_A' to 0." projectName="FOrthopoly" solutionName="solution1" date="2020-05-14T15:28:45.405+0430" type="Warning"/>
        <logs message="WARNING: [RTGEN 206-101] Setting dangling out port 'LagueVal/P_Din_A' to 0." projectName="FOrthopoly" solutionName="solution1" date="2020-05-14T15:28:44.088+0430" type="Warning"/>
        <logs message="WARNING: [RTGEN 206-101] Setting dangling out port 'LagueVal/P_WEN_A' to 0." projectName="FOrthopoly" solutionName="solution1" date="2020-05-14T15:28:44.043+0430" type="Warning"/>
        <logs message="WARNING: [SYN 201-107] Renaming port name 'lague/Val' to 'lague/Val_r' to avoid the conflict with HDL keywords or other object names." projectName="FOrthopoly" solutionName="solution1" date="2020-05-14T15:28:41.004+0430" type="Warning"/>
      </synLog>
      <simLog/>
      <mgLog/>
      <packageLog>
        <logs message="WARNING: [IP_Flow 19-4832] The IP name 'lague_ap_uitodp_4_no_dsp_32' you have specified is long. The Windows operating system has path length limitations. It is recommended you use shorter names to reduce the likelihood of issues." projectName="FOrthopoly" solutionName="solution1" date="2020-05-14T15:31:51.649+0430" type="Warning"/>
        <logs message="WARNING: [IP_Flow 19-4832] The IP name 'lague_ap_sitodp_4_no_dsp_32' you have specified is long. The Windows operating system has path length limitations. It is recommended you use shorter names to reduce the likelihood of issues.&#xD;&#xA;create_ip: Time (s): cpu = 00:00:05 ; elapsed = 00:00:05 . Memory (MB): peak = 450.246 ; gain = 5.898" projectName="FOrthopoly" solutionName="solution1" date="2020-05-14T15:31:46.093+0430" type="Warning"/>
        <logs message="WARNING: [IP_Flow 19-4832] The IP name 'lague_ap_dmul_4_max_dsp_64' you have specified is long. The Windows operating system has path length limitations. It is recommended you use shorter names to reduce the likelihood of issues." projectName="FOrthopoly" solutionName="solution1" date="2020-05-14T15:31:39.903+0430" type="Warning"/>
        <logs message="WARNING: [IP_Flow 19-4832] The IP name 'lague_ap_ddiv_29_no_dsp_64' you have specified is long. The Windows operating system has path length limitations. It is recommended you use shorter names to reduce the likelihood of issues." projectName="FOrthopoly" solutionName="solution1" date="2020-05-14T15:31:31.295+0430" type="Warning"/>
        <logs message="WARNING: [IP_Flow 19-4832] The IP name 'lague_ap_dadddsub_3_full_dsp_64' you have specified is long. The Windows operating system has path length limitations. It is recommended you use shorter names to reduce the likelihood of issues." projectName="FOrthopoly" solutionName="solution1" date="2020-05-14T15:31:19.605+0430" type="Warning"/>
        <logs message="WARNING: [IP_Flow 19-4832] The IP name 'lague_ap_dadd_3_full_dsp_64' you have specified is long. The Windows operating system has path length limitations. It is recommended you use shorter names to reduce the likelihood of issues.&#xD;&#xA;create_ip: Time (s): cpu = 00:00:05 ; elapsed = 00:00:08 . Memory (MB): peak = 420.887 ; gain = 42.113" projectName="FOrthopoly" solutionName="solution1" date="2020-05-14T15:31:12.558+0430" type="Warning"/>
      </packageLog>
      <csimLog/>
    </logs>
  </warningLogs>
</vivadoHLSLog:LogRoot>
