<?xml version="1.0" encoding="UTF-8"?>
<vivadoHLSLog:LogRoot xmlns:vivadoHLSLog="www.xilinx.com/vivadoHLSLog">
  <errorLogs>
    <logs>
      <synLog/>
      <simLog/>
      <mgLog/>
      <packageLog/>
      <csimLog/>
    </logs>
  </errorLogs>
  <warningLogs>
    <logs>
      <synLog>
        <logs message="WARNING: [RTGEN 206-101] Setting dangling out port 'jacob/p_Din_A' to 0." projectName="FOrthopoly" solutionName="solution1" date="2020-05-14T22:37:17.815+0430" type="Warning"/>
        <logs message="WARNING: [RTGEN 206-101] Setting dangling out port 'jacob/p_WEN_A' to 0." projectName="FOrthopoly" solutionName="solution1" date="2020-05-14T22:37:17.796+0430" type="Warning"/>
        <logs message="WARNING: [RTGEN 206-101] Setting dangling out port 'JacobDerK/P_Din_A' to 0." projectName="FOrthopoly" solutionName="solution1" date="2020-05-14T22:37:16.896+0430" type="Warning"/>
        <logs message="WARNING: [RTGEN 206-101] Setting dangling out port 'JacobDerK/P_WEN_A' to 0." projectName="FOrthopoly" solutionName="solution1" date="2020-05-14T22:37:16.861+0430" type="Warning"/>
        <logs message="WARNING: [RTGEN 206-101] Setting dangling out port 'JacobDer/P_Din_A' to 0." projectName="FOrthopoly" solutionName="solution1" date="2020-05-14T22:37:16.318+0430" type="Warning"/>
        <logs message="WARNING: [RTGEN 206-101] Setting dangling out port 'JacobDer/P_WEN_A' to 0." projectName="FOrthopoly" solutionName="solution1" date="2020-05-14T22:37:16.298+0430" type="Warning"/>
        <logs message="WARNING: [RTGEN 206-101] Setting dangling out port 'JacobVal/P_Din_A' to 0." projectName="FOrthopoly" solutionName="solution1" date="2020-05-14T22:37:15.359+0430" type="Warning"/>
        <logs message="WARNING: [RTGEN 206-101] Setting dangling out port 'JacobVal/P_WEN_A' to 0." projectName="FOrthopoly" solutionName="solution1" date="2020-05-14T22:37:15.335+0430" type="Warning"/>
        <logs message="WARNING: [SYN 201-107] Renaming port name 'jacob/Val' to 'jacob/Val_r' to avoid the conflict with HDL keywords or other object names." projectName="FOrthopoly" solutionName="solution1" date="2020-05-14T22:37:11.731+0430" type="Warning"/>
      </synLog>
      <simLog/>
      <mgLog/>
      <packageLog>
        <logs message="WARNING: [IP_Flow 19-4832] The IP name 'jacob_ap_uitodp_4_no_dsp_32' you have specified is long. The Windows operating system has path length limitations. It is recommended you use shorter names to reduce the likelihood of issues." projectName="FOrthopoly" solutionName="solution1" date="2020-05-14T22:38:56.737+0430" type="Warning"/>
        <logs message="WARNING: [IP_Flow 19-4832] The IP name 'jacob_ap_sitodp_4_no_dsp_32' you have specified is long. The Windows operating system has path length limitations. It is recommended you use shorter names to reduce the likelihood of issues." projectName="FOrthopoly" solutionName="solution1" date="2020-05-14T22:38:50.582+0430" type="Warning"/>
        <logs message="WARNING: [IP_Flow 19-4832] The IP name 'jacob_ap_dmul_4_max_dsp_64' you have specified is long. The Windows operating system has path length limitations. It is recommended you use shorter names to reduce the likelihood of issues." projectName="FOrthopoly" solutionName="solution1" date="2020-05-14T22:38:44.764+0430" type="Warning"/>
        <logs message="WARNING: [IP_Flow 19-4832] The IP name 'jacob_ap_ddiv_29_no_dsp_64' you have specified is long. The Windows operating system has path length limitations. It is recommended you use shorter names to reduce the likelihood of issues." projectName="FOrthopoly" solutionName="solution1" date="2020-05-14T22:38:38.160+0430" type="Warning"/>
        <logs message="WARNING: [IP_Flow 19-4832] The IP name 'jacob_ap_dadddsub_3_full_dsp_64' you have specified is long. The Windows operating system has path length limitations. It is recommended you use shorter names to reduce the likelihood of issues." projectName="FOrthopoly" solutionName="solution1" date="2020-05-14T22:38:28.300+0430" type="Warning"/>
        <logs message="WARNING: [IP_Flow 19-4832] The IP name 'jacob_ap_dadd_3_full_dsp_64' you have specified is long. The Windows operating system has path length limitations. It is recommended you use shorter names to reduce the likelihood of issues.&#xD;&#xA;create_ip: Time (s): cpu = 00:00:05 ; elapsed = 00:00:08 . Memory (MB): peak = 420.352 ; gain = 41.660" projectName="FOrthopoly" solutionName="solution1" date="2020-05-14T22:38:22.719+0430" type="Warning"/>
      </packageLog>
      <csimLog/>
    </logs>
  </warningLogs>
</vivadoHLSLog:LogRoot>
