<?xml version="1.0" encoding="UTF-8"?>
<vivadoHLSLog:LogRoot xmlns:vivadoHLSLog="www.xilinx.com/vivadoHLSLog">
  <errorLogs>
    <logs>
      <synLog/>
      <simLog/>
      <mgLog/>
      <packageLog/>
      <csimLog/>
    </logs>
  </errorLogs>
  <warningLogs>
    <logs>
      <synLog>
        <logs message="WARNING: [SCHED 204-68] The II Violation in module 'legen' (Loop: Loop 6.1): Unable to enforce a carried dependence constraint (II = 16, distance = 1, offset = 1)&#xD;&#xA;   between 'phi' operation ('b1_val') with incoming values : ('b1_val', legen/core.cpp:84) ('t_val', legen/core.cpp:80) and 'dmul' operation ('tmp_6', legen/core.cpp:80)." projectName="legen" solutionName="solution1" date="2020-05-07T03:28:55.103+0430" type="Warning"/>
        <logs message="WARNING: [SCHED 204-68] The II Violation in module 'legen' (Loop: Loop 6.1): Unable to enforce a carried dependence constraint (II = 15, distance = 1, offset = 1)&#xD;&#xA;   between 'phi' operation ('b1_val') with incoming values : ('b1_val', legen/core.cpp:84) ('t_val', legen/core.cpp:80) and 'dmul' operation ('tmp_6', legen/core.cpp:80)." projectName="legen" solutionName="solution1" date="2020-05-07T03:28:55.093+0430" type="Warning"/>
        <logs message="WARNING: [SCHED 204-68] The II Violation in module 'legen' (Loop: Loop 6.1): Unable to enforce a carried dependence constraint (II = 11, distance = 1, offset = 1)&#xD;&#xA;   between 'phi' operation ('b1_val') with incoming values : ('b1_val', legen/core.cpp:84) ('t_val', legen/core.cpp:80) and 'dmul' operation ('tmp_6', legen/core.cpp:80)." projectName="legen" solutionName="solution1" date="2020-05-07T03:28:55.082+0430" type="Warning"/>
        <logs message="WARNING: [SCHED 204-68] The II Violation in module 'legen' (Loop: Loop 6.1): Unable to enforce a carried dependence constraint (II = 4, distance = 1, offset = 1)&#xD;&#xA;   between 'phi' operation ('b1_val') with incoming values : ('b1_val', legen/core.cpp:84) ('t_val', legen/core.cpp:80) and 'dmul' operation ('tmp_6', legen/core.cpp:80)." projectName="legen" solutionName="solution1" date="2020-05-07T03:28:54.988+0430" type="Warning"/>
        <logs message="WARNING: [SCHED 204-68] The II Violation in module 'legen' (Loop: Loop 6.1): Unable to enforce a carried dependence constraint (II = 3, distance = 1, offset = 1)&#xD;&#xA;   between 'phi' operation ('b1_val') with incoming values : ('b1_val', legen/core.cpp:84) ('t_val', legen/core.cpp:80) and 'dmul' operation ('tmp_6', legen/core.cpp:80)." projectName="legen" solutionName="solution1" date="2020-05-07T03:28:54.952+0430" type="Warning"/>
        <logs message="WARNING: [SCHED 204-68] The II Violation in module 'legen' (Loop: Loop 6.1): Unable to enforce a carried dependence constraint (II = 2, distance = 1, offset = 1)&#xD;&#xA;   between 'phi' operation ('b1_val') with incoming values : ('b1_val', legen/core.cpp:84) ('t_val', legen/core.cpp:80) and 'dmul' operation ('tmp_6', legen/core.cpp:80)." projectName="legen" solutionName="solution1" date="2020-05-07T03:28:54.940+0430" type="Warning"/>
        <logs message="WARNING: [SCHED 204-68] The II Violation in module 'legen' (Loop: Loop 6.1): Unable to enforce a carried dependence constraint (II = 1, distance = 1, offset = 1)&#xD;&#xA;   between 'phi' operation ('b1_val') with incoming values : ('b1_val', legen/core.cpp:84) ('t_val', legen/core.cpp:80) and 'dmul' operation ('tmp_6', legen/core.cpp:80)." projectName="legen" solutionName="solution1" date="2020-05-07T03:28:54.930+0430" type="Warning"/>
        <logs message="WARNING: [SYN 201-107] Renaming port name 'legen/out' to 'legen/out_r' to avoid the conflict with HDL keywords or other object names." projectName="legen" solutionName="solution1" date="2020-05-07T03:28:54.496+0430" type="Warning"/>
        <logs message="WARNING: [XFORM 203-542] Cannot flatten a loop nest 'Loop-6' (legen/core.cpp:54:19) in function 'legen' : &#xD;&#xA;&#xD;&#xA;the outer loop is not a perfect loop because there is nontrivial logic in the loop latch." projectName="legen" solutionName="solution1" date="2020-05-07T03:28:54.461+0430" type="Warning"/>
      </synLog>
      <simLog/>
      <mgLog/>
      <packageLog>
        <logs message="WARNING: [IP_Flow 19-4832] The IP name 'legen_ap_sitodp_4_no_dsp_32' you have specified is long. The Windows operating system has path length limitations. It is recommended you use shorter names to reduce the likelihood of issues." projectName="legen" solutionName="solution1" date="2020-05-07T03:30:49.831+0430" type="Warning"/>
        <logs message="WARNING: [IP_Flow 19-4832] The IP name 'legen_ap_dmul_4_max_dsp_64' you have specified is long. The Windows operating system has path length limitations. It is recommended you use shorter names to reduce the likelihood of issues." projectName="legen" solutionName="solution1" date="2020-05-07T03:30:44.464+0430" type="Warning"/>
        <logs message="WARNING: [IP_Flow 19-4832] The IP name 'legen_ap_ddiv_29_no_dsp_64' you have specified is long. The Windows operating system has path length limitations. It is recommended you use shorter names to reduce the likelihood of issues." projectName="legen" solutionName="solution1" date="2020-05-07T03:30:38.665+0430" type="Warning"/>
        <logs message="WARNING: [IP_Flow 19-4832] The IP name 'legen_ap_dadddsub_3_full_dsp_64' you have specified is long. The Windows operating system has path length limitations. It is recommended you use shorter names to reduce the likelihood of issues.&#xD;&#xA;create_ip: Time (s): cpu = 00:00:04 ; elapsed = 00:00:14 . Memory (MB): peak = 419.938 ; gain = 43.004" projectName="legen" solutionName="solution1" date="2020-05-07T03:30:33.246+0430" type="Warning"/>
      </packageLog>
      <csimLog/>
    </logs>
  </warningLogs>
</vivadoHLSLog:LogRoot>
