<?xml version="1.0" encoding="UTF-8"?>
<vivadoHLSLog:LogRoot xmlns:vivadoHLSLog="www.xilinx.com/vivadoHLSLog">
  <errorLogs>
    <logs>
      <synLog/>
      <simLog/>
      <mgLog/>
      <packageLog/>
      <csimLog/>
    </logs>
  </errorLogs>
  <warningLogs>
    <logs>
      <synLog>
        <logs message="WARNING: [RTGEN 206-101] Global array 'C_val' will not be exposed as RTL port." projectName="jacob" solutionName="solution1" date="2020-05-01T22:53:53.768+0430" type="Warning"/>
        <logs message="WARNING: [RTGEN 206-101] Global array 'B_val' will not be exposed as RTL port." projectName="jacob" solutionName="solution1" date="2020-05-01T22:53:53.760+0430" type="Warning"/>
        <logs message="WARNING: [RTGEN 206-101] Global array 'A_val' will not be exposed as RTL port." projectName="jacob" solutionName="solution1" date="2020-05-01T22:53:53.752+0430" type="Warning"/>
        <logs message="WARNING: [SCHED 204-65] Unable to satisfy pipeline directive: Function contains subloop(s) not being unrolled." projectName="jacob" solutionName="solution1" date="2020-05-01T22:53:50.862+0430" type="Warning"/>
        <logs message="WARNING: [SYN 201-107] Renaming port name 'jacob/out' to 'jacob/out_r' to avoid the conflict with HDL keywords or other object names." projectName="jacob" solutionName="solution1" date="2020-05-01T22:53:50.244+0430" type="Warning"/>
        <logs message="WARNING: [XFORM 203-542] Cannot flatten a loop nest 'Loop-7' (jacob/core.cpp:81:19) in function 'jacob' : &#xD;&#xA;&#xD;&#xA;the outer loop is not a perfect loop because there is nontrivial logic in the loop latch." projectName="jacob" solutionName="solution1" date="2020-05-01T22:53:50.217+0430" type="Warning"/>
        <logs message="WARNING: [XFORM 203-542] Cannot flatten a loop nest 'Loop-7.1' (jacob/core.cpp:101:17) in function 'jacob' : &#xD;&#xA;&#xD;&#xA;the outer loop is not a perfect loop because there is nontrivial logic before entering the inner loop." projectName="jacob" solutionName="solution1" date="2020-05-01T22:53:49.952+0430" type="Warning"/>
        <logs message="WARNING: [XFORM 203-503] Cannot unroll loop 'Loop-1' (jacob/core.cpp:18) in function 'RecurCoefJacob' completely: variable loop bound." projectName="jacob" solutionName="solution1" date="2020-05-01T22:53:49.477+0430" type="Warning"/>
        <logs message="WARNING: [XFORM 203-503] Cannot unroll loop 'Loop-6.1.1' (jacob/core.cpp:139) in function 'jacob': cannot completely unroll a loop with a variable trip count." projectName="jacob" solutionName="solution1" date="2020-05-01T22:53:49.429+0430" type="Warning"/>
        <logs message="WARNING: [XFORM 203-503] Cannot unroll loop 'Loop-6.1' (jacob/core.cpp:101) in function 'jacob': cannot completely unroll a loop with a variable trip count." projectName="jacob" solutionName="solution1" date="2020-05-01T22:53:49.418+0430" type="Warning"/>
        <logs message="WARNING: [XFORM 203-503] Cannot unroll loop 'Loop-6' (jacob/core.cpp:81) in function 'jacob': cannot completely unroll a loop with a variable trip count." projectName="jacob" solutionName="solution1" date="2020-05-01T22:53:49.409+0430" type="Warning"/>
        <logs message="WARNING: [XFORM 203-503] Cannot unroll loop 'Loop-5' (jacob/core.cpp:76) in function 'jacob' completely: variable loop bound." projectName="jacob" solutionName="solution1" date="2020-05-01T22:53:49.398+0430" type="Warning"/>
        <logs message="WARNING: [XFORM 203-503] Cannot unroll loop 'Loop-4' (jacob/core.cpp:53) in function 'jacob': cannot completely unroll a loop with a variable trip count." projectName="jacob" solutionName="solution1" date="2020-05-01T22:53:49.386+0430" type="Warning"/>
        <logs message="WARNING: [XFORM 203-503] Cannot unroll loop 'Loop-3' (jacob/core.cpp:49) in function 'jacob': cannot completely unroll a loop with a variable trip count." projectName="jacob" solutionName="solution1" date="2020-05-01T22:53:49.376+0430" type="Warning"/>
        <logs message="WARNING: [XFORM 203-503] Cannot unroll loop 'Loop-2' (jacob/core.cpp:45) in function 'jacob': cannot completely unroll a loop with a variable trip count." projectName="jacob" solutionName="solution1" date="2020-05-01T22:53:49.369+0430" type="Warning"/>
        <logs message="WARNING: [XFORM 203-503] Cannot unroll loop 'Loop-1' (jacob/core.cpp:37) in function 'jacob': cannot completely unroll a loop with a variable trip count." projectName="jacob" solutionName="solution1" date="2020-05-01T22:53:49.328+0430" type="Warning"/>
      </synLog>
      <simLog/>
      <mgLog/>
      <packageLog>
        <logs message="WARNING: [IP_Flow 19-4832] The IP name 'jacob_ap_sitodp_4_no_dsp_32' you have specified is long. The Windows operating system has path length limitations. It is recommended you use shorter names to reduce the likelihood of issues.&#xD;&#xA;create_ip: Time (s): cpu = 00:00:05 ; elapsed = 00:00:05 . Memory (MB): peak = 450.352 ; gain = 5.902" projectName="jacob" solutionName="solution1" date="2020-05-01T23:07:59.938+0430" type="Warning"/>
        <logs message="WARNING: [IP_Flow 19-4832] The IP name 'jacob_ap_dmul_4_max_dsp_64' you have specified is long. The Windows operating system has path length limitations. It is recommended you use shorter names to reduce the likelihood of issues." projectName="jacob" solutionName="solution1" date="2020-05-01T23:07:51.921+0430" type="Warning"/>
        <logs message="WARNING: [IP_Flow 19-4832] The IP name 'jacob_ap_ddiv_29_no_dsp_64' you have specified is long. The Windows operating system has path length limitations. It is recommended you use shorter names to reduce the likelihood of issues." projectName="jacob" solutionName="solution1" date="2020-05-01T23:07:42.441+0430" type="Warning"/>
        <logs message="WARNING: [IP_Flow 19-4832] The IP name 'jacob_ap_dadddsub_3_full_dsp_64' you have specified is long. The Windows operating system has path length limitations. It is recommended you use shorter names to reduce the likelihood of issues." projectName="jacob" solutionName="solution1" date="2020-05-01T23:07:30.453+0430" type="Warning"/>
        <logs message="WARNING: [IP_Flow 19-4832] The IP name 'jacob_ap_dadd_3_full_dsp_64' you have specified is long. The Windows operating system has path length limitations. It is recommended you use shorter names to reduce the likelihood of issues.&#xD;&#xA;create_ip: Time (s): cpu = 00:00:04 ; elapsed = 00:00:24 . Memory (MB): peak = 419.664 ; gain = 44.059" projectName="jacob" solutionName="solution1" date="2020-05-01T23:07:24.493+0430" type="Warning"/>
      </packageLog>
      <csimLog/>
    </logs>
  </warningLogs>
</vivadoHLSLog:LogRoot>
