<?xml version="1.0" encoding="UTF-8"?>
<vivadoHLSLog:LogRoot xmlns:vivadoHLSLog="www.xilinx.com/vivadoHLSLog">
  <errorLogs>
    <logs>
      <synLog/>
      <simLog/>
      <mgLog/>
      <packageLog/>
      <csimLog/>
    </logs>
  </errorLogs>
  <warningLogs>
    <logs>
      <synLog>
        <logs message="WARNING: [SCHED 204-65] Unable to satisfy pipeline directive: Loop contains subloop(s) not being unrolled or flattened." projectName="Hermit1" solutionName="solution1" date="2020-04-30T17:01:25.599+0430" type="Warning"/>
        <logs message="WARNING: [SYN 201-107] Renaming port name 'Herm1/out' to 'Herm1/out_r' to avoid the conflict with HDL keywords or other object names." projectName="Hermit1" solutionName="solution1" date="2020-04-30T17:01:25.215+0430" type="Warning"/>
        <logs message="WARNING: [XFORM 203-542] Cannot flatten a loop nest 'Loop-5' (Hermit1/core.cpp:47:19) in function 'Herm1' : &#xD;&#xA;&#xD;&#xA;the outer loop is not a perfect loop because there is nontrivial logic in the loop latch." projectName="Hermit1" solutionName="solution1" date="2020-04-30T17:01:25.171+0430" type="Warning"/>
        <logs message="WARNING: [XFORM 203-542] Cannot flatten a loop nest 'Loop-5.1' (Hermit1/core.cpp:66:19) in function 'Herm1' : &#xD;&#xA;&#xD;&#xA;the outer loop is not a perfect loop because there is nontrivial logic before entering the inner loop." projectName="Hermit1" solutionName="solution1" date="2020-04-30T17:01:24.808+0430" type="Warning"/>
        <logs message="WARNING: [XFORM 203-503] Cannot unroll loop 'Loop-5.1.1' (Hermit1/core.cpp:90) in function 'Herm1' completely: variable loop bound." projectName="Hermit1" solutionName="solution1" date="2020-04-30T17:01:23.976+0430" type="Warning"/>
      </synLog>
      <simLog/>
      <mgLog/>
      <packageLog>
        <logs message="WARNING: [IP_Flow 19-4832] The IP name 'Herm1_ap_sitodp_4_no_dsp_32' you have specified is long. The Windows operating system has path length limitations. It is recommended you use shorter names to reduce the likelihood of issues." projectName="Hermit1" solutionName="solution1" date="2020-04-30T17:04:11.854+0430" type="Warning"/>
        <logs message="WARNING: [IP_Flow 19-4832] The IP name 'Herm1_ap_dmul_4_max_dsp_64' you have specified is long. The Windows operating system has path length limitations. It is recommended you use shorter names to reduce the likelihood of issues." projectName="Hermit1" solutionName="solution1" date="2020-04-30T17:04:06.184+0430" type="Warning"/>
        <logs message="WARNING: [IP_Flow 19-4832] The IP name 'Herm1_ap_dadddsub_3_full_dsp_64' you have specified is long. The Windows operating system has path length limitations. It is recommended you use shorter names to reduce the likelihood of issues.&#xD;&#xA;create_ip: Time (s): cpu = 00:00:05 ; elapsed = 00:00:09 . Memory (MB): peak = 420.641 ; gain = 42.797" projectName="Hermit1" solutionName="solution1" date="2020-04-30T17:03:52.243+0430" type="Warning"/>
      </packageLog>
      <csimLog/>
    </logs>
  </warningLogs>
</vivadoHLSLog:LogRoot>
