{
  "Top": "lague",
  "RtlTop": "lague",
  "RtlPrefix": "",
  "SourceLanguage": "cpp",
  "ResetStyle": "control",
  "GenerateBdFiles": "0",
  "HostMachineBits": "64",
  "Target": {
    "Family": "zynq",
    "Device": "xc7z020",
    "Package": "-clg400",
    "Speed": "-1"
  },
  "HlsSolution": {
    
  },
  "Args": {
    "op": {
      "index": "0",
      "type": {
        "dataType": "int",
        "dataWidth": "32",
        "interfaceRef": "s_axi_CRTL_BUS",
        "registerRefs": ["op"]
      }
    },
    "size": {
      "index": "1",
      "type": {
        "dataType": "int",
        "dataWidth": "32",
        "interfaceRef": "s_axi_CRTL_BUS",
        "registerRefs": ["size"]
      }
    },
    "inx": {
      "index": "2",
      "type": {
        "kinds": ["array"],
        "dataType": "double",
        "dataWidth": "64",
        "arraySizes": ["200"],
        "interfaceRef": "inx"
      }
    },
    "inp": {
      "index": "3",
      "type": {
        "kinds": ["array"],
        "dataType": "double",
        "dataWidth": "64",
        "arraySizes": ["200"],
        "interfaceRef": "inp"
      }
    },
    "out": {
      "index": "4",
      "type": {
        "kinds": ["array"],
        "dataType": "double",
        "dataWidth": "64",
        "arraySizes": ["600"],
        "interfaceRef": "out_r"
      }
    }
  },
  "Return": {
    "dataType": "int",
    "dataWidth": "32",
    "interfaceRef": "s_axi_CRTL_BUS",
    "registerRefs": ["ap_return"]
  },
  "ClockInfo": {
    "ClockName": "ap_clk",
    "ClockPeriod": "10",
    "IsCombLogic": "0",
    "II": "x",
    "Latency": "undef",
    "Uncertainty": "1.25"
  },
  "Xdc": {"OocClocks": ["create_clock -name ap_clk -period 10.000 [get_ports ap_clk]"]},
  "Ipx": {
    "Vendor": "xilinx.com",
    "Library": "hls",
    "Name": "lague",
    "Version": "1.0",
    "DisplayName": "Lague",
    "Revision": "",
    "Description": "An IP generated by Vivado HLS",
    "Taxonomy": "\/VIVADO_HLS_IP",
    "AutoFamilySupport": ""
  },
  "Files": {
    "CSource": ["..\/core.cpp"],
    "Vhdl": [
      "impl\/vhdl\/lague_CRTL_BUS_s_axi.vhd",
      "impl\/vhdl\/lague_dadd_64ns_6cud.vhd",
      "impl\/vhdl\/lague_dadddsub_64bkb.vhd",
      "impl\/vhdl\/lague_dcmp_64ns_6fYi.vhd",
      "impl\/vhdl\/lague_ddiv_64ns_6eOg.vhd",
      "impl\/vhdl\/lague_dmul_64ns_6dEe.vhd",
      "impl\/vhdl\/lague_P.vhd",
      "impl\/vhdl\/lague_sitodp_32nsg8j.vhd",
      "impl\/vhdl\/lague_X.vhd",
      "impl\/vhdl\/lague.vhd"
    ],
    "Verilog": [
      "impl\/verilog\/lague_CRTL_BUS_s_axi.v",
      "impl\/verilog\/lague_dadd_64ns_6cud.v",
      "impl\/verilog\/lague_dadddsub_64bkb.v",
      "impl\/verilog\/lague_dcmp_64ns_6fYi.v",
      "impl\/verilog\/lague_ddiv_64ns_6eOg.v",
      "impl\/verilog\/lague_dmul_64ns_6dEe.v",
      "impl\/verilog\/lague_P.v",
      "impl\/verilog\/lague_P_ram.dat",
      "impl\/verilog\/lague_sitodp_32nsg8j.v",
      "impl\/verilog\/lague_X.v",
      "impl\/verilog\/lague_X_ram.dat",
      "impl\/verilog\/lague.v"
    ],
    "SwDriver": [
      "impl\/misc\/drivers\/lague_v1_0\/data\/lague.mdd",
      "impl\/misc\/drivers\/lague_v1_0\/data\/lague.tcl",
      "impl\/misc\/drivers\/lague_v1_0\/src\/Makefile",
      "impl\/misc\/drivers\/lague_v1_0\/src\/xlague.c",
      "impl\/misc\/drivers\/lague_v1_0\/src\/xlague.h",
      "impl\/misc\/drivers\/lague_v1_0\/src\/xlague_hw.h",
      "impl\/misc\/drivers\/lague_v1_0\/src\/xlague_linux.c",
      "impl\/misc\/drivers\/lague_v1_0\/src\/xlague_sinit.c"
    ],
    "Misc": ["impl\/misc\/logo.png"],
    "Subcore": [
      "impl\/misc\/lague_ap_dadd_3_full_dsp_64_ip.tcl",
      "impl\/misc\/lague_ap_dadddsub_3_full_dsp_64_ip.tcl",
      "impl\/misc\/lague_ap_dcmp_0_no_dsp_64_ip.tcl",
      "impl\/misc\/lague_ap_ddiv_29_no_dsp_64_ip.tcl",
      "impl\/misc\/lague_ap_dmul_4_max_dsp_64_ip.tcl",
      "impl\/misc\/lague_ap_sitodp_4_no_dsp_32_ip.tcl"
    ],
    "DesignXml": "E:\/Vivado\/FPGA-Orthopoly\/Lague\/HLS\/lague\/solution1\/.autopilot\/db\/lague.design.xml",
    "DebugDir": "E:\/Vivado\/FPGA-Orthopoly\/Lague\/HLS\/lague\/solution1\/.debug",
    "ProtoInst": ["E:\/Vivado\/FPGA-Orthopoly\/Lague\/HLS\/lague\/solution1\/.debug\/lague.protoinst"]
  },
  "SubcoreInfo": {
    "HasXpmMemory": false,
    "HasClockedDsp": false,
    "IP": [
      {
        "name": "lague_ap_dadd_3_full_dsp_64",
        "vlnv": "xilinx.com:ip:floating_point:7.1",
        "params": "CONFIG.a_precision_type Double CONFIG.a_tuser_width 1 CONFIG.add_sub_value Add CONFIG.b_tuser_width 1 CONFIG.c_a_exponent_width 11 CONFIG.c_a_fraction_width 53 CONFIG.c_compare_operation Programmable CONFIG.c_has_divide_by_zero false CONFIG.c_has_invalid_op false CONFIG.c_has_overflow false CONFIG.c_has_underflow false CONFIG.c_latency 3 CONFIG.c_mult_usage Full_Usage CONFIG.c_optimization Speed_Optimized CONFIG.c_rate 1 CONFIG.c_result_exponent_width 11 CONFIG.c_result_fraction_width 53 CONFIG.component_name lague_ap_dadd_3_full_dsp_64 CONFIG.flow_control NonBlocking CONFIG.has_a_tlast false CONFIG.has_a_tuser false CONFIG.has_aclken true CONFIG.has_aresetn false CONFIG.has_b_tlast false CONFIG.has_b_tuser false CONFIG.has_operation_tlast false CONFIG.has_operation_tuser false CONFIG.has_result_tready false CONFIG.maximum_latency false CONFIG.operation_tuser_width 1 CONFIG.operation_type Add_Subtract CONFIG.result_precision_type Double CONFIG.result_tlast_behv Null"
      },
      {
        "name": "lague_ap_dadddsub_3_full_dsp_64",
        "vlnv": "xilinx.com:ip:floating_point:7.1",
        "params": "CONFIG.a_precision_type Double CONFIG.a_tuser_width 1 CONFIG.add_sub_value Both CONFIG.b_tuser_width 1 CONFIG.c_a_exponent_width 11 CONFIG.c_a_fraction_width 53 CONFIG.c_compare_operation Programmable CONFIG.c_has_divide_by_zero false CONFIG.c_has_invalid_op false CONFIG.c_has_overflow false CONFIG.c_has_underflow false CONFIG.c_latency 3 CONFIG.c_mult_usage Full_Usage CONFIG.c_optimization Speed_Optimized CONFIG.c_rate 1 CONFIG.c_result_exponent_width 11 CONFIG.c_result_fraction_width 53 CONFIG.component_name lague_ap_dadddsub_3_full_dsp_64 CONFIG.flow_control NonBlocking CONFIG.has_a_tlast false CONFIG.has_a_tuser false CONFIG.has_aclken true CONFIG.has_aresetn false CONFIG.has_b_tlast false CONFIG.has_b_tuser false CONFIG.has_operation_tlast false CONFIG.has_operation_tuser false CONFIG.has_result_tready false CONFIG.maximum_latency false CONFIG.operation_tuser_width 1 CONFIG.operation_type Add_Subtract CONFIG.result_precision_type Double CONFIG.result_tlast_behv Null"
      },
      {
        "name": "lague_ap_dcmp_0_no_dsp_64",
        "vlnv": "xilinx.com:ip:floating_point:7.1",
        "params": "CONFIG.a_precision_type Double CONFIG.a_tuser_width 1 CONFIG.add_sub_value Both CONFIG.b_tuser_width 1 CONFIG.c_a_exponent_width 11 CONFIG.c_a_fraction_width 53 CONFIG.c_compare_operation Programmable CONFIG.c_has_divide_by_zero false CONFIG.c_has_invalid_op false CONFIG.c_has_overflow false CONFIG.c_has_underflow false CONFIG.c_latency 0 CONFIG.c_mult_usage No_Usage CONFIG.c_optimization Speed_Optimized CONFIG.c_rate 1 CONFIG.c_result_exponent_width 1 CONFIG.c_result_fraction_width 0 CONFIG.component_name lague_ap_dcmp_0_no_dsp_64 CONFIG.flow_control NonBlocking CONFIG.has_a_tlast false CONFIG.has_a_tuser false CONFIG.has_aclken false CONFIG.has_aresetn false CONFIG.has_b_tlast false CONFIG.has_b_tuser false CONFIG.has_operation_tlast false CONFIG.has_operation_tuser false CONFIG.has_result_tready false CONFIG.maximum_latency false CONFIG.operation_tuser_width 1 CONFIG.operation_type Compare CONFIG.result_precision_type Custom CONFIG.result_tlast_behv Null"
      },
      {
        "name": "lague_ap_ddiv_29_no_dsp_64",
        "vlnv": "xilinx.com:ip:floating_point:7.1",
        "params": "CONFIG.a_precision_type Double CONFIG.a_tuser_width 1 CONFIG.add_sub_value Both CONFIG.b_tuser_width 1 CONFIG.c_a_exponent_width 11 CONFIG.c_a_fraction_width 53 CONFIG.c_compare_operation Programmable CONFIG.c_has_divide_by_zero false CONFIG.c_has_invalid_op false CONFIG.c_has_overflow false CONFIG.c_has_underflow false CONFIG.c_latency 29 CONFIG.c_mult_usage No_Usage CONFIG.c_optimization Speed_Optimized CONFIG.c_rate 1 CONFIG.c_result_exponent_width 11 CONFIG.c_result_fraction_width 53 CONFIG.component_name lague_ap_ddiv_29_no_dsp_64 CONFIG.flow_control NonBlocking CONFIG.has_a_tlast false CONFIG.has_a_tuser false CONFIG.has_aclken true CONFIG.has_aresetn false CONFIG.has_b_tlast false CONFIG.has_b_tuser false CONFIG.has_operation_tlast false CONFIG.has_operation_tuser false CONFIG.has_result_tready false CONFIG.maximum_latency false CONFIG.operation_tuser_width 1 CONFIG.operation_type Divide CONFIG.result_precision_type Double CONFIG.result_tlast_behv Null"
      },
      {
        "name": "lague_ap_dmul_4_max_dsp_64",
        "vlnv": "xilinx.com:ip:floating_point:7.1",
        "params": "CONFIG.a_precision_type Double CONFIG.a_tuser_width 1 CONFIG.add_sub_value Both CONFIG.b_tuser_width 1 CONFIG.c_a_exponent_width 11 CONFIG.c_a_fraction_width 53 CONFIG.c_compare_operation Programmable CONFIG.c_has_divide_by_zero false CONFIG.c_has_invalid_op false CONFIG.c_has_overflow false CONFIG.c_has_underflow false CONFIG.c_latency 4 CONFIG.c_mult_usage Max_Usage CONFIG.c_optimization Speed_Optimized CONFIG.c_rate 1 CONFIG.c_result_exponent_width 11 CONFIG.c_result_fraction_width 53 CONFIG.component_name lague_ap_dmul_4_max_dsp_64 CONFIG.flow_control NonBlocking CONFIG.has_a_tlast false CONFIG.has_a_tuser false CONFIG.has_aclken true CONFIG.has_aresetn false CONFIG.has_b_tlast false CONFIG.has_b_tuser false CONFIG.has_operation_tlast false CONFIG.has_operation_tuser false CONFIG.has_result_tready false CONFIG.maximum_latency false CONFIG.operation_tuser_width 1 CONFIG.operation_type Multiply CONFIG.result_precision_type Double CONFIG.result_tlast_behv Null"
      },
      {
        "name": "lague_ap_sitodp_4_no_dsp_32",
        "vlnv": "xilinx.com:ip:floating_point:7.1",
        "params": "CONFIG.a_precision_type Custom CONFIG.a_tuser_width 1 CONFIG.add_sub_value Both CONFIG.b_tuser_width 1 CONFIG.c_a_exponent_width 32 CONFIG.c_a_fraction_width 0 CONFIG.c_compare_operation Programmable CONFIG.c_has_divide_by_zero false CONFIG.c_has_invalid_op false CONFIG.c_has_overflow false CONFIG.c_has_underflow false CONFIG.c_latency 4 CONFIG.c_mult_usage No_Usage CONFIG.c_optimization Speed_Optimized CONFIG.c_rate 1 CONFIG.c_result_exponent_width 11 CONFIG.c_result_fraction_width 53 CONFIG.component_name lague_ap_sitodp_4_no_dsp_32 CONFIG.flow_control NonBlocking CONFIG.has_a_tlast false CONFIG.has_a_tuser false CONFIG.has_aclken true CONFIG.has_aresetn false CONFIG.has_b_tlast false CONFIG.has_b_tuser false CONFIG.has_operation_tlast false CONFIG.has_operation_tuser false CONFIG.has_result_tready false CONFIG.maximum_latency false CONFIG.operation_tuser_width 1 CONFIG.operation_type Fixed_to_Float CONFIG.result_precision_type Double CONFIG.result_tlast_behv Null"
      }
    ]
  },
  "Interfaces": {
    "ap_clk": {
      "type": "clock",
      "ctype": {"CLK": {"Type": "bool"}},
      "bundle_name": "ap_clk",
      "bundle_role": "default",
      "buses": "s_axi_CRTL_BUS",
      "reset": "ap_rst_n"
    },
    "ap_rst_n": {
      "type": "reset",
      "polarity": "ACTIVE_LOW",
      "ctype": {"RST": {"Type": "bool"}},
      "bundle_name": "ap_rst_n",
      "bundle_role": "default"
    },
    "inp": {
      "type": "native_bram",
      "is_adaptor": "true",
      "mode": "master",
      "port_prefix": "inp",
      "mem_width": "64",
      "mem_depth": "1",
      "mem_ports": "a",
      "addr_width": "32",
      "we_width": "8",
      "master_type": "BRAM_CTRL",
      "ctype": {
        "EN": {"Type": "bool"},
        "CLK": {"Type": "bool"},
        "RST": {"Type": "bool"},
        "ADDR": {
          "Type": "integer unsigned",
          "Width": "32"
        },
        "WE": {
          "Type": "integer unsigned",
          "Width": "8"
        },
        "DIN": {
          "Type": "real float",
          "Width": "64"
        },
        "DOUT": {
          "Type": "real float",
          "Width": "64"
        }
      }
    },
    "interrupt": {
      "type": "interrupt",
      "ctype": {"INTERRUPT": {"Type": "bool"}},
      "bundle_name": "CRTL_BUS",
      "bundle_role": "interrupt"
    },
    "inx": {
      "type": "native_bram",
      "is_adaptor": "true",
      "mode": "master",
      "port_prefix": "inx",
      "mem_width": "64",
      "mem_depth": "1",
      "mem_ports": "a",
      "addr_width": "32",
      "we_width": "8",
      "master_type": "BRAM_CTRL",
      "ctype": {
        "EN": {"Type": "bool"},
        "CLK": {"Type": "bool"},
        "RST": {"Type": "bool"},
        "ADDR": {
          "Type": "integer unsigned",
          "Width": "32"
        },
        "WE": {
          "Type": "integer unsigned",
          "Width": "8"
        },
        "DIN": {
          "Type": "real float",
          "Width": "64"
        },
        "DOUT": {
          "Type": "real float",
          "Width": "64"
        }
      }
    },
    "out_r": {
      "type": "native_bram",
      "is_adaptor": "true",
      "mode": "master",
      "port_prefix": "out_r",
      "mem_width": "64",
      "mem_depth": "1",
      "mem_ports": "a b",
      "addr_width": "32",
      "we_width": "8",
      "master_type": "BRAM_CTRL",
      "ctype": {
        "EN": {"Type": "bool"},
        "CLK": {"Type": "bool"},
        "RST": {"Type": "bool"},
        "ADDR": {
          "Type": "integer unsigned",
          "Width": "32"
        },
        "WE": {
          "Type": "integer unsigned",
          "Width": "8"
        },
        "DIN": {
          "Type": "real float",
          "Width": "64"
        },
        "DOUT": {
          "Type": "real float",
          "Width": "64"
        }
      }
    },
    "s_axi_CRTL_BUS": {
      "type": "axi4lite",
      "is_adaptor": "true",
      "mode": "slave",
      "port_prefix": "s_axi_CRTL_BUS",
      "param_prefix": "C_S_AXI_CRTL_BUS",
      "addr_bits": "6",
      "registers": [
        {
          "offset": "0x00",
          "name": "CTRL",
          "access": "RW",
          "reset_value": "0x0",
          "description": "Control signals",
          "fields": [
            {
              "offset": "0",
              "width": "1",
              "name": "AP_START",
              "access": "RW",
              "reset_value": "0",
              "description": "Control signal Register for 'ap_start'."
            },
            {
              "offset": "1",
              "width": "1",
              "name": "AP_DONE",
              "access": "R",
              "reset_value": "0",
              "description": "Control signal Register for 'ap_done'."
            },
            {
              "offset": "2",
              "width": "1",
              "name": "AP_IDLE",
              "access": "R",
              "reset_value": "0",
              "description": "Control signal Register for 'ap_idle'."
            },
            {
              "offset": "3",
              "width": "1",
              "name": "AP_READY",
              "access": "R",
              "reset_value": "0",
              "description": "Control signal Register for 'ap_ready'."
            },
            {
              "offset": "4",
              "width": "3",
              "name": "RESERVED_1",
              "access": "R",
              "reset_value": "0",
              "description": "Reserved.  0s on read."
            },
            {
              "offset": "7",
              "width": "1",
              "name": "AUTO_RESTART",
              "access": "RW",
              "reset_value": "0",
              "description": "Control signal Register for 'auto_restart'."
            },
            {
              "offset": "8",
              "width": "24",
              "name": "RESERVED_2",
              "access": "R",
              "reset_value": "0",
              "description": "Reserved.  0s on read."
            }
          ]
        },
        {
          "offset": "0x04",
          "name": "GIER",
          "access": "RW",
          "reset_value": "0x0",
          "description": "Global Interrupt Enable Register",
          "fields": [
            {
              "offset": "0",
              "width": "1",
              "name": "Enable",
              "access": "RW",
              "reset_value": "0",
              "description": "Master enable for the device interrupt output to the system interrupt controller: 0 = Disabled, 1 = Enabled"
            },
            {
              "offset": "1",
              "width": "31",
              "name": "RESERVED",
              "access": "R",
              "reset_value": "0",
              "description": "Reserved.  0s on read."
            }
          ]
        },
        {
          "offset": "0x08",
          "name": "IP_IER",
          "access": "RW",
          "reset_value": "0x0",
          "description": "IP Interrupt Enable Register",
          "fields": [
            {
              "offset": "0",
              "width": "1",
              "name": "CHAN0_INT_EN",
              "access": "RW",
              "reset_value": "0",
              "description": "Enable Channel 0 (ap_done) Interrupt.  0 = Disabled, 1 = Enabled."
            },
            {
              "offset": "1",
              "width": "1",
              "name": "CHAN1_INT_EN",
              "access": "RW",
              "reset_value": "0",
              "description": "Enable Channel 1 (ap_ready) Interrupt.  0 = Disabled, 1 = Enabled."
            },
            {
              "offset": "2",
              "width": "30",
              "name": "RESERVED",
              "access": "R",
              "reset_value": "0",
              "description": "Reserved.  0s on read."
            }
          ]
        },
        {
          "offset": "0x0c",
          "name": "IP_ISR",
          "access": "RW",
          "reset_value": "0x0",
          "description": "IP Interrupt Status Register",
          "fields": [
            {
              "offset": "0",
              "width": "1",
              "name": "CHAN0_INT_ST",
              "access": "RTOW",
              "reset_value": "0",
              "description": "Channel 0 (ap_done) Interrupt Status. 0 = No Channel 0 input interrupt, 1 = Channel 0 input interrup"
            },
            {
              "offset": "1",
              "width": "1",
              "name": "CHAN1_INT_ST",
              "access": "RTOW",
              "reset_value": "0",
              "description": "Channel 1 (ap_ready) Interrupt Status. 0 = No Channel 1 input interrupt, 1 = Channel 1 input interrup"
            },
            {
              "offset": "2",
              "width": "30",
              "name": "RESERVED",
              "access": "R",
              "reset_value": "0",
              "description": "Reserved.  0s on read."
            }
          ]
        },
        {
          "offset": "0x10",
          "name": "ap_return",
          "access": "R",
          "reset_value": "0x0",
          "description": "Data signal of ap_return",
          "fields": [{
              "offset": "0",
              "width": "32",
              "name": "ap_return",
              "access": "R",
              "reset_value": "0",
              "description": "Bit 31 to 0 Data signal of ap_return"
            }]
        },
        {
          "offset": "0x18",
          "name": "op",
          "access": "W",
          "reset_value": "0x0",
          "description": "Data signal of op",
          "fields": [{
              "offset": "0",
              "width": "32",
              "name": "op",
              "access": "W",
              "reset_value": "0",
              "description": "Bit 31 to 0 Data signal of op"
            }]
        },
        {
          "offset": "0x20",
          "name": "size",
          "access": "W",
          "reset_value": "0x0",
          "description": "Data signal of size",
          "fields": [{
              "offset": "0",
              "width": "32",
              "name": "size",
              "access": "W",
              "reset_value": "0",
              "description": "Bit 31 to 0 Data signal of size"
            }]
        }
      ],
      "ctype": {
        "AWVALID": {"Type": "bool"},
        "AWREADY": {"Type": "bool"},
        "WVALID": {"Type": "bool"},
        "WREADY": {"Type": "bool"},
        "BVALID": {"Type": "bool"},
        "BREADY": {"Type": "bool"},
        "BRESP": {
          "Type": "integer unsigned",
          "Width": "2"
        },
        "ARVALID": {"Type": "bool"},
        "ARREADY": {"Type": "bool"},
        "RVALID": {"Type": "bool"},
        "RREADY": {"Type": "bool"},
        "RRESP": {
          "Type": "integer unsigned",
          "Width": "2"
        },
        "AWADDR": {
          "Type": "integer unsigned",
          "Width": "6"
        },
        "WDATA": {
          "Type": "integer signed",
          "Width": "32"
        },
        "WSTRB": {
          "Type": "integer unsigned",
          "Width": "4"
        },
        "ARADDR": {
          "Type": "integer unsigned",
          "Width": "6"
        },
        "RDATA": {
          "Type": "integer signed",
          "Width": "32"
        }
      },
      "data_width": "32",
      "port_width": {
        "ARADDR": "6",
        "AWADDR": "6",
        "RDATA": "32",
        "WDATA": "32",
        "WSTRB": "4"
      }
    }
  },
  "RtlPorts": {
    "s_axi_CRTL_BUS_AWVALID": {
      "dir": "in",
      "width": "1"
    },
    "s_axi_CRTL_BUS_AWREADY": {
      "dir": "out",
      "width": "1"
    },
    "s_axi_CRTL_BUS_AWADDR": {
      "dir": "in",
      "width": "6"
    },
    "s_axi_CRTL_BUS_WVALID": {
      "dir": "in",
      "width": "1"
    },
    "s_axi_CRTL_BUS_WREADY": {
      "dir": "out",
      "width": "1"
    },
    "s_axi_CRTL_BUS_WDATA": {
      "dir": "in",
      "width": "32"
    },
    "s_axi_CRTL_BUS_WSTRB": {
      "dir": "in",
      "width": "4"
    },
    "s_axi_CRTL_BUS_ARVALID": {
      "dir": "in",
      "width": "1"
    },
    "s_axi_CRTL_BUS_ARREADY": {
      "dir": "out",
      "width": "1"
    },
    "s_axi_CRTL_BUS_ARADDR": {
      "dir": "in",
      "width": "6"
    },
    "s_axi_CRTL_BUS_RVALID": {
      "dir": "out",
      "width": "1"
    },
    "s_axi_CRTL_BUS_RREADY": {
      "dir": "in",
      "width": "1"
    },
    "s_axi_CRTL_BUS_RDATA": {
      "dir": "out",
      "width": "32"
    },
    "s_axi_CRTL_BUS_RRESP": {
      "dir": "out",
      "width": "2"
    },
    "s_axi_CRTL_BUS_BVALID": {
      "dir": "out",
      "width": "1"
    },
    "s_axi_CRTL_BUS_BREADY": {
      "dir": "in",
      "width": "1"
    },
    "s_axi_CRTL_BUS_BRESP": {
      "dir": "out",
      "width": "2"
    },
    "ap_clk": {
      "dir": "in",
      "width": "1"
    },
    "ap_rst_n": {
      "dir": "in",
      "width": "1"
    },
    "interrupt": {
      "dir": "out",
      "width": "1",
      "isVector": "true"
    },
    "inx_Addr_A": {
      "dir": "out",
      "width": "32"
    },
    "inx_EN_A": {
      "dir": "out",
      "width": "1"
    },
    "inx_WEN_A": {
      "dir": "out",
      "width": "8"
    },
    "inx_Din_A": {
      "dir": "out",
      "width": "64"
    },
    "inx_Dout_A": {
      "dir": "in",
      "width": "64"
    },
    "inx_Clk_A": {
      "dir": "out",
      "width": "1"
    },
    "inx_Rst_A": {
      "dir": "out",
      "width": "1"
    },
    "inp_Addr_A": {
      "dir": "out",
      "width": "32"
    },
    "inp_EN_A": {
      "dir": "out",
      "width": "1"
    },
    "inp_WEN_A": {
      "dir": "out",
      "width": "8"
    },
    "inp_Din_A": {
      "dir": "out",
      "width": "64"
    },
    "inp_Dout_A": {
      "dir": "in",
      "width": "64"
    },
    "inp_Clk_A": {
      "dir": "out",
      "width": "1"
    },
    "inp_Rst_A": {
      "dir": "out",
      "width": "1"
    },
    "out_r_Addr_A": {
      "dir": "out",
      "width": "32"
    },
    "out_r_EN_A": {
      "dir": "out",
      "width": "1"
    },
    "out_r_WEN_A": {
      "dir": "out",
      "width": "8"
    },
    "out_r_Din_A": {
      "dir": "out",
      "width": "64"
    },
    "out_r_Dout_A": {
      "dir": "in",
      "width": "64"
    },
    "out_r_Clk_A": {
      "dir": "out",
      "width": "1"
    },
    "out_r_Rst_A": {
      "dir": "out",
      "width": "1"
    },
    "out_r_Addr_B": {
      "dir": "out",
      "width": "32"
    },
    "out_r_EN_B": {
      "dir": "out",
      "width": "1"
    },
    "out_r_WEN_B": {
      "dir": "out",
      "width": "8"
    },
    "out_r_Din_B": {
      "dir": "out",
      "width": "64"
    },
    "out_r_Dout_B": {
      "dir": "in",
      "width": "64"
    },
    "out_r_Clk_B": {
      "dir": "out",
      "width": "1"
    },
    "out_r_Rst_B": {
      "dir": "out",
      "width": "1"
    }
  },
  "ModuleInfo": {
    "Hierarchy": {"ModuleName": "lague"},
    "Info": {"lague": {
        "FunctionProtocol": "ap_ctrl_hs",
        "isTaskLevelControl": "1",
        "isPipelined": "0",
        "isCombinational": "0",
        "isOneStateSeq": "0"
      }},
    "Metrics": {"lague": {
        "Latency": {
          "LatencyBest": "",
          "LatencyAvg": "",
          "LatencyWorst": "",
          "PipelineII": "",
          "PipelineDepth": "",
          "PipelineType": "none"
        },
        "Timing": {
          "Target": "10.00",
          "Uncertainty": "1.25",
          "Estimate": "10.437"
        },
        "Loops": [
          {
            "Name": "Loop 1",
            "TripCount": "",
            "Latency": "",
            "PipelineII": "",
            "PipelineDepth": "2"
          },
          {
            "Name": "Loop 2",
            "TripCount": "",
            "Latency": "",
            "PipelineII": "",
            "PipelineDepth": "2"
          },
          {
            "Name": "Loop 3",
            "TripCount": "",
            "Latency": "",
            "PipelineII": "",
            "PipelineDepth": "2"
          },
          {
            "Name": "Loop 4",
            "TripCount": "",
            "Latency": "",
            "PipelineII": "",
            "PipelineDepth": "2"
          },
          {
            "Name": "Loop 5",
            "TripCount": "",
            "Latency": "",
            "PipelineII": "",
            "PipelineDepth": "1"
          },
          {
            "Name": "Loop 6",
            "TripCount": "",
            "Latency": "",
            "PipelineII": "",
            "PipelineDepth": "55"
          },
          {
            "Name": "Loop 7",
            "TripCount": "",
            "Latency": "",
            "PipelineII": "",
            "PipelineDepth": "",
            "Loops": [{
                "Name": "Loop 7.1",
                "TripCount": "",
                "Latency": "",
                "PipelineII": "",
                "PipelineDepthMin": "31",
                "PipelineDepthMax": "182",
                "PipelineDepth": "31 ~ 182"
              }]
          }
        ],
        "Area": {
          "BRAM_18K": "12",
          "DSP48E": "31",
          "FF": "15906",
          "LUT": "22757",
          "URAM": "0"
        }
      }}
  },
  "Sdx": {
    "Target": "none",
    "ProfileOption": "0",
    "ProfileType": "none",
    "XO": "",
    "KernelName": "lague",
    "EnableXoSwEmu": "1"
  },
  "GenData": {
    "DataVersion": "0.2",
    "Time": "2020-05-07 05:11:30 +0430",
    "ToolName": "vivado_hls",
    "ToolVersion": "2019.1"
  }
}
