<?xml version="1.0" encoding="utf-8"?>
<Messages>
	<Message severity="INFO" prefix="[SCHED 204-61]" key="SCHED_PIPELINING_STATUS_631" tag="SCHEDULE" content="Option &apos;relax_ii_for_timing&apos; is enabled, will increase II to preserve clock frequency constraints."/>
	<Message severity="INFO" prefix="[HLS 200-10]" key="HLS_10_1312" tag="" content="Analyzing design file &apos;lague/core.cpp&apos; ..."/>
	<Message severity="INFO" prefix="[HLS 200-111]" key="HLS_111_965" tag="" content="Finished Linking Time (s): cpu = 00:00:01 ; elapsed = 00:00:37 . Memory (MB): peak = 184.730 ; gain = 94.645"/>
	<Message severity="INFO" prefix="[HLS 200-111]" key="HLS_111_965" tag="" content="Finished Checking Pragmas Time (s): cpu = 00:00:01 ; elapsed = 00:00:37 . Memory (MB): peak = 184.730 ; gain = 94.645"/>
	<Message severity="INFO" prefix="[HLS 200-10]" key="HLS_10_1467" tag="" content="Starting code transformations ..."/>
	<Message severity="INFO" prefix="[HLS 200-111]" key="HLS_111_965" tag="" content="Finished Standard Transforms Time (s): cpu = 00:00:02 ; elapsed = 00:00:39 . Memory (MB): peak = 188.297 ; gain = 98.211"/>
	<Message severity="INFO" prefix="[HLS 200-10]" key="HLS_10_1472" tag="" content="Checking synthesizability ..."/>
	<Message severity="INFO" prefix="[XFORM 203-602]" key="XFORM_AUTO_INLINE_STATUS_223" tag="" content="Inlining function &apos;fp_struct&lt;double&gt;::mantissa&apos; into &apos;generic_cast_IEEE754&lt;int, (ap_q_mode)6, double&gt;&apos; (r:/builds/2019.1/continuous/2019_05_24_2552052/src/products/hls/hls_lib/hlsmath/include/FloatingPoint\hls_case_IEEE754.h:15) automatically."/>
	<Message severity="INFO" prefix="[XFORM 203-602]" key="XFORM_AUTO_INLINE_STATUS_223" tag="" content="Inlining function &apos;fp_struct&lt;double&gt;::expv&apos; into &apos;generic_cast_IEEE754&lt;int, (ap_q_mode)6, double&gt;&apos; (r:/builds/2019.1/continuous/2019_05_24_2552052/src/products/hls/hls_lib/hlsmath/include/FloatingPoint\hls_case_IEEE754.h:18) automatically."/>
	<Message severity="INFO" prefix="[XFORM 203-602]" key="XFORM_AUTO_INLINE_STATUS_223" tag="" content="Inlining function &apos;fp_struct&lt;double&gt;::__signbit&apos; into &apos;generic_cast_IEEE754&lt;int, (ap_q_mode)6, double&gt;&apos; (r:/builds/2019.1/continuous/2019_05_24_2552052/src/products/hls/hls_lib/hlsmath/include/FloatingPoint\hls_case_IEEE754.h:59) automatically."/>
	<Message severity="INFO" prefix="[XFORM 203-602]" key="XFORM_AUTO_INLINE_STATUS_223" tag="" content="Inlining function &apos;generic_cast_IEEE754&lt;int, (ap_q_mode)6, double&gt;&apos; into &apos;generic_cast_IEEE754&lt;int, double&gt;&apos; (r:/builds/2019.1/continuous/2019_05_24_2552052/src/products/hls/hls_lib/hlsmath/include/FloatingPoint\hls_case_IEEE754.h:117) automatically."/>
	<Message severity="INFO" prefix="[XFORM 203-602]" key="XFORM_AUTO_INLINE_STATUS_223" tag="" content="Inlining function &apos;generic_cast_IEEE754&lt;int, double&gt;&apos; into &apos;__hls_fptosi_double_i32&apos; (r:/builds/2019.1/continuous/2019_05_24_2552052/src/products/hls/hls_lib/hlsmath/src/lib_floatconversion.cpp:55) automatically."/>
	<Message severity="INFO" prefix="[XFORM 203-602]" key="XFORM_AUTO_INLINE_STATUS_223" tag="" content="Inlining function &apos;RecurCoefLague&apos; into &apos;lague&apos; (lague/core.cpp:74) automatically."/>
	<Message severity="INFO" prefix="[HLS 200-111]" key="HLS_111_965" tag="" content="Finished Checking Synthesizability Time (s): cpu = 00:00:02 ; elapsed = 00:00:40 . Memory (MB): peak = 206.754 ; gain = 116.668"/>
	<Message severity="INFO" prefix="[XFORM 203-502]" key="XFORM_AUTO_UNROLL_STATUS_250" tag="" content="Unrolling all loops for pipelining in function &apos;lague&apos; (lague/core.cpp:28)."/>
	<Message severity="INFO" prefix="[XFORM 203-502]" key="XFORM_AUTO_UNROLL_STATUS_250" tag="" content="Unrolling all loops for pipelining in function &apos;RecurCoefLague&apos; (lague/core.cpp:15)."/>
	<Message severity="WARNING" prefix="[XFORM 203-503]" key="XFORM_UNROLL_INVALID_321" tag="LOOP,SDX_LOOP" content="Cannot unroll loop &apos;Loop-1&apos; (lague/core.cpp:38) in function &apos;lague&apos;: cannot completely unroll a loop with a variable trip count."/>
	<Message severity="WARNING" prefix="[XFORM 203-503]" key="XFORM_UNROLL_INVALID_321" tag="LOOP,SDX_LOOP" content="Cannot unroll loop &apos;Loop-2&apos; (lague/core.cpp:46) in function &apos;lague&apos;: cannot completely unroll a loop with a variable trip count."/>
	<Message severity="WARNING" prefix="[XFORM 203-503]" key="XFORM_UNROLL_INVALID_321" tag="LOOP,SDX_LOOP" content="Cannot unroll loop &apos;Loop-3&apos; (lague/core.cpp:50) in function &apos;lague&apos;: cannot completely unroll a loop with a variable trip count."/>
	<Message severity="WARNING" prefix="[XFORM 203-503]" key="XFORM_UNROLL_INVALID_321" tag="LOOP,SDX_LOOP" content="Cannot unroll loop &apos;Loop-4&apos; (lague/core.cpp:54) in function &apos;lague&apos;: cannot completely unroll a loop with a variable trip count."/>
	<Message severity="WARNING" prefix="[XFORM 203-503]" key="XFORM_UNROLL_INVALID_314" tag="LOOP,SDX_LOOP" content="Cannot unroll loop &apos;Loop-5&apos; (lague/core.cpp:70) in function &apos;lague&apos; completely: variable loop bound."/>
	<Message severity="WARNING" prefix="[XFORM 203-503]" key="XFORM_UNROLL_INVALID_321" tag="LOOP,SDX_LOOP" content="Cannot unroll loop &apos;Loop-6&apos; (lague/core.cpp:76) in function &apos;lague&apos;: cannot completely unroll a loop with a variable trip count."/>
	<Message severity="WARNING" prefix="[XFORM 203-503]" key="XFORM_UNROLL_INVALID_321" tag="LOOP,SDX_LOOP" content="Cannot unroll loop &apos;Loop-6.1&apos; (lague/core.cpp:97) in function &apos;lague&apos;: cannot completely unroll a loop with a variable trip count."/>
	<Message severity="WARNING" prefix="[XFORM 203-503]" key="XFORM_UNROLL_INVALID_314" tag="LOOP,SDX_LOOP" content="Cannot unroll loop &apos;Loop-1&apos; (lague/core.cpp:19) in function &apos;RecurCoefLague&apos; completely: variable loop bound."/>
	<Message severity="INFO" prefix="[XFORM 203-602]" key="XFORM_AUTO_INLINE_STATUS_223" tag="" content="Inlining function &apos;fp_struct&lt;double&gt;::mantissa&apos; into &apos;generic_cast_IEEE754&lt;int, (ap_q_mode)6, double&gt;&apos; (r:/builds/2019.1/continuous/2019_05_24_2552052/src/products/hls/hls_lib/hlsmath/include/FloatingPoint\hls_case_IEEE754.h:15) automatically."/>
	<Message severity="INFO" prefix="[XFORM 203-602]" key="XFORM_AUTO_INLINE_STATUS_223" tag="" content="Inlining function &apos;fp_struct&lt;double&gt;::expv&apos; into &apos;generic_cast_IEEE754&lt;int, (ap_q_mode)6, double&gt;&apos; (r:/builds/2019.1/continuous/2019_05_24_2552052/src/products/hls/hls_lib/hlsmath/include/FloatingPoint\hls_case_IEEE754.h:18) automatically."/>
	<Message severity="INFO" prefix="[XFORM 203-602]" key="XFORM_AUTO_INLINE_STATUS_223" tag="" content="Inlining function &apos;fp_struct&lt;double&gt;::__signbit&apos; into &apos;generic_cast_IEEE754&lt;int, (ap_q_mode)6, double&gt;&apos; (r:/builds/2019.1/continuous/2019_05_24_2552052/src/products/hls/hls_lib/hlsmath/include/FloatingPoint\hls_case_IEEE754.h:59) automatically."/>
	<Message severity="INFO" prefix="[XFORM 203-602]" key="XFORM_AUTO_INLINE_STATUS_223" tag="" content="Inlining function &apos;generic_cast_IEEE754&lt;int, (ap_q_mode)6, double&gt;&apos; into &apos;generic_cast_IEEE754&lt;int, double&gt;&apos; (r:/builds/2019.1/continuous/2019_05_24_2552052/src/products/hls/hls_lib/hlsmath/include/FloatingPoint\hls_case_IEEE754.h:117) automatically."/>
	<Message severity="INFO" prefix="[XFORM 203-602]" key="XFORM_AUTO_INLINE_STATUS_223" tag="" content="Inlining function &apos;generic_cast_IEEE754&lt;int, double&gt;&apos; into &apos;__hls_fptosi_double_i32&apos; (r:/builds/2019.1/continuous/2019_05_24_2552052/src/products/hls/hls_lib/hlsmath/src/lib_floatconversion.cpp:55) automatically."/>
	<Message severity="INFO" prefix="[XFORM 203-602]" key="XFORM_AUTO_INLINE_STATUS_223" tag="" content="Inlining function &apos;__hls_fptosi_double_i32&apos; into &apos;lague&apos; (lague/core.cpp:59) automatically."/>
	<Message severity="INFO" prefix="[XFORM 203-602]" key="XFORM_AUTO_INLINE_STATUS_223" tag="" content="Inlining function &apos;RecurCoefLague&apos; into &apos;lague&apos; (lague/core.cpp:74) automatically."/>
	<Message severity="INFO" prefix="[HLS 200-111]" key="HLS_111_965" tag="" content="Finished Pre-synthesis Time (s): cpu = 00:00:03 ; elapsed = 00:00:40 . Memory (MB): peak = 253.348 ; gain = 163.262"/>
	<Message severity="WARNING" prefix="[XFORM 203-542]" key="XFORM_LOOPFLAT_INVALID_219" tag="LOOP,SDX_LOOP" content="Cannot flatten a loop nest &apos;Loop-7&apos; (lague/core.cpp:76:19) in function &apos;lague&apos; : 

the outer loop is not a perfect loop because there is nontrivial logic in the loop latch."/>
	<Message severity="INFO" prefix="[HLS 200-111]" key="HLS_111_965" tag="" content="Finished Architecture Synthesis Time (s): cpu = 00:00:04 ; elapsed = 00:00:41 . Memory (MB): peak = 258.836 ; gain = 168.750"/>
	<Message severity="INFO" prefix="[HLS 200-10]" key="HLS_10_1317" tag="" content="Starting hardware synthesis ..."/>
	<Message severity="INFO" prefix="[HLS 200-10]" key="HLS_10_1385" tag="" content="Synthesizing &apos;lague&apos; ..."/>
	<Message severity="WARNING" prefix="[SYN 201-107]" key="SYN_PORT_NAME_ILLEGAL_593" tag="" content="Renaming port name &apos;lague/out&apos; to &apos;lague/out_r&apos; to avoid the conflict with HDL keywords or other object names."/>
	<Message severity="INFO" prefix="[HLS 200-10]" key="HLS_10_1477" tag="" content="----------------------------------------------------------------"/>
	<Message severity="INFO" prefix="[HLS 200-42]" key="HLS_42_1438" tag="" content="-- Implementing module &apos;lague&apos;"/>
	<Message severity="INFO" prefix="[HLS 200-10]" key="HLS_10_1478" tag="" content="----------------------------------------------------------------"/>
	<Message severity="INFO" prefix="[SCHED 204-11]" key="SCHED_SCHED_STATUS_597" tag="" content="Starting scheduling ..."/>
	<Message severity="WARNING" prefix="[SCHED 204-65]" key="SCHED_PIPELINE_REPORT_FAILURE_1080" tag="SCHEDULE" content="Unable to satisfy pipeline directive: Function contains subloop(s) not being unrolled."/>
	<Message severity="INFO" prefix="[SCHED 204-11]" key="SCHED_SCHED_STATUS_596" tag="" content="Finished scheduling."/>
	<Message severity="INFO" prefix="[HLS 200-111]" key="HLS_111_966" tag="" content=" Elapsed time: 42.585 seconds; current allocated memory: 195.171 MB."/>
	<Message severity="INFO" prefix="[HLS 200-434]" key="HLS 200-434" tag="SDX" content="Only 0 loops out of a total 8 loops have been pipelined in this design."/>
	<Message severity="INFO" prefix="[BIND 205-100]" key="BIND_100_926" tag="" content="Starting micro-architecture generation ..."/>
	<Message severity="INFO" prefix="[BIND 205-101]" key="BIND_101_698" tag="" content="Performing variable lifetime analysis."/>
	<Message severity="INFO" prefix="[BIND 205-101]" key="BIND_101_697" tag="" content="Exploring resource sharing."/>
	<Message severity="INFO" prefix="[BIND 205-101]" key="BIND_101_693" tag="" content="Binding ..."/>
	<Message severity="INFO" prefix="[BIND 205-100]" key="BIND_100_705" tag="" content="After resource sharing, estimated clock period (10.4371ns) exceeds the target (target clock period: 10ns, clock uncertainty: 1.25ns, effective delay budget: 8.75ns)."/>
	<Message severity="INFO" prefix="[BIND 205-100]" key="BIND_100_707" tag="" content="The critical path consists of the following:
	&apos;dadd&apos; operation (&apos;tmp_i&apos;, lague/core.cpp:19-&gt;lague/core.cpp:74) (10.4 ns)"/>
	<Message severity="INFO" prefix="[BIND 205-100]" key="BIND_100_925" tag="" content="Finished micro-architecture generation."/>
	<Message severity="INFO" prefix="[HLS 200-111]" key="HLS_111_966" tag="" content=" Elapsed time: 0.949 seconds; current allocated memory: 197.766 MB."/>
	<Message severity="INFO" prefix="[HLS 200-10]" key="HLS_10_1483" tag="" content="----------------------------------------------------------------"/>
	<Message severity="INFO" prefix="[HLS 200-10]" key="HLS_10_1484" tag="" content="-- Generating RTL for module &apos;lague&apos;"/>
	<Message severity="INFO" prefix="[HLS 200-10]" key="HLS_10_1485" tag="" content="----------------------------------------------------------------"/>
	<Message severity="INFO" prefix="[RTGEN 206-500]" key="PREPROC_IO_COMP_CONFLICT_1950" tag="" content="Setting interface mode on port &apos;lague/op&apos; to &apos;s_axilite &amp; ap_none&apos;."/>
	<Message severity="INFO" prefix="[RTGEN 206-500]" key="PREPROC_IO_COMP_CONFLICT_1950" tag="" content="Setting interface mode on port &apos;lague/size&apos; to &apos;s_axilite &amp; ap_none&apos;."/>
	<Message severity="INFO" prefix="[RTGEN 206-500]" key="PREPROC_IO_COMP_CONFLICT_1950" tag="" content="Setting interface mode on port &apos;lague/inx&apos; to &apos;bram&apos;."/>
	<Message severity="INFO" prefix="[RTGEN 206-500]" key="PREPROC_IO_COMP_CONFLICT_1950" tag="" content="Setting interface mode on port &apos;lague/inp&apos; to &apos;bram&apos;."/>
	<Message severity="INFO" prefix="[RTGEN 206-500]" key="PREPROC_IO_COMP_CONFLICT_1950" tag="" content="Setting interface mode on port &apos;lague/out_r&apos; to &apos;bram&apos;."/>
	<Message severity="INFO" prefix="[RTGEN 206-500]" key="PREPROC_IO_COMP_CONFLICT_1950" tag="" content="Setting interface mode on function &apos;lague&apos; to &apos;s_axilite &amp; ap_ctrl_hs&apos;."/>
	<Message severity="WARNING" prefix="[RTGEN 206-101]" key="RTGEN_101_862" tag="" content="Global array &apos;A_val&apos; will not be exposed as RTL port."/>
	<Message severity="WARNING" prefix="[RTGEN 206-101]" key="RTGEN_101_862" tag="" content="Global array &apos;B_val&apos; will not be exposed as RTL port."/>
	<Message severity="WARNING" prefix="[RTGEN 206-101]" key="RTGEN_101_862" tag="" content="Global array &apos;C_val&apos; will not be exposed as RTL port."/>
	<Message severity="INFO" prefix="[RTGEN 206-100]" key="RTGEN_100_851" tag="" content="Bundling port &apos;return&apos; and &apos;size&apos; to AXI-Lite port CRTL_BUS."/>
	<Message severity="INFO" prefix="[SYN 201-210]" key="SYN_210_889" tag="" content="Renamed object name &apos;lague_dadddsub_64ns_64ns_64_5_full_dsp_1&apos; to &apos;lague_dadddsub_64bkb&apos; due to the length limit 20"/>
	<Message severity="INFO" prefix="[SYN 201-210]" key="SYN_210_889" tag="" content="Renamed object name &apos;lague_dadd_64ns_64ns_64_5_full_dsp_1&apos; to &apos;lague_dadd_64ns_6cud&apos; due to the length limit 20"/>
	<Message severity="INFO" prefix="[SYN 201-210]" key="SYN_210_889" tag="" content="Renamed object name &apos;lague_dmul_64ns_64ns_64_6_max_dsp_1&apos; to &apos;lague_dmul_64ns_6dEe&apos; due to the length limit 20"/>
	<Message severity="INFO" prefix="[SYN 201-210]" key="SYN_210_889" tag="" content="Renamed object name &apos;lague_ddiv_64ns_64ns_64_31_1&apos; to &apos;lague_ddiv_64ns_6eOg&apos; due to the length limit 20"/>
	<Message severity="INFO" prefix="[SYN 201-210]" key="SYN_210_889" tag="" content="Renamed object name &apos;lague_dcmp_64ns_64ns_1_2_1&apos; to &apos;lague_dcmp_64ns_6fYi&apos; due to the length limit 20"/>
	<Message severity="INFO" prefix="[SYN 201-210]" key="SYN_210_889" tag="" content="Renamed object name &apos;lague_sitodp_32ns_64_6_1&apos; to &apos;lague_sitodp_32nsg8j&apos; due to the length limit 20"/>
	<Message severity="INFO" prefix="[RTGEN 206-100]" key="RTGEN_100_855" tag="" content="Generating core module &apos;lague_dadd_64ns_6cud&apos;: 2 instance(s)."/>
	<Message severity="INFO" prefix="[RTGEN 206-100]" key="RTGEN_100_855" tag="" content="Generating core module &apos;lague_dadddsub_64bkb&apos;: 1 instance(s)."/>
	<Message severity="INFO" prefix="[RTGEN 206-100]" key="RTGEN_100_855" tag="" content="Generating core module &apos;lague_dcmp_64ns_6fYi&apos;: 1 instance(s)."/>
	<Message severity="INFO" prefix="[RTGEN 206-100]" key="RTGEN_100_855" tag="" content="Generating core module &apos;lague_ddiv_64ns_6eOg&apos;: 3 instance(s)."/>
	<Message severity="INFO" prefix="[RTGEN 206-100]" key="RTGEN_100_855" tag="" content="Generating core module &apos;lague_dmul_64ns_6dEe&apos;: 2 instance(s)."/>
	<Message severity="INFO" prefix="[RTGEN 206-100]" key="RTGEN_100_855" tag="" content="Generating core module &apos;lague_sitodp_32nsg8j&apos;: 1 instance(s)."/>
	<Message severity="INFO" prefix="[RTGEN 206-100]" key="RTGEN_100_856" tag="" content="Finished creating RTL model for &apos;lague&apos;."/>
	<Message severity="INFO" prefix="[HLS 200-111]" key="HLS_111_966" tag="" content=" Elapsed time: 0.992 seconds; current allocated memory: 201.756 MB."/>
	<Message severity="INFO" prefix="[RTMG 210-278]" key="RTMG_278_1792" tag="" content="Implementing memory &apos;lague_P_ram (RAM)&apos; using block RAMs with power-on initialization."/>
	<Message severity="INFO" prefix="[RTMG 210-278]" key="RTMG_278_1792" tag="" content="Implementing memory &apos;lague_X_ram (RAM)&apos; using block RAMs with power-on initialization."/>
	<Message severity="INFO" prefix="[HLS 200-111]" key="HLS_111_965" tag="" content="Finished generating all RTL models Time (s): cpu = 00:00:07 ; elapsed = 00:00:49 . Memory (MB): peak = 276.645 ; gain = 186.559"/>
	<Message severity="INFO" prefix="[VHDL 208-304]" key="VHDL_304_1066" tag="" content="Generating VHDL RTL for lague."/>
	<Message severity="INFO" prefix="[VLOG 209-307]" key="VLOG_307_1067" tag="" content="Generating Verilog RTL for lague."/>
</Messages>
