<profile>

<RTLDesignHierarchy>
<TopModule>
<ModuleName>lague</ModuleName>
</TopModule>
</RTLDesignHierarchy>

<ModuleInformation>
<Module>
<Name>lague</Name>
<PerformanceEstimates>
<SummaryOfTimingAnalysis>
<TargetClockPeriod>10.00</TargetClockPeriod>
<ClockUncertainty>1.25</ClockUncertainty>
<TargetInitiationInterval>4294967295</TargetInitiationInterval>
<EstimatedClockPeriod>10.437</EstimatedClockPeriod>
</SummaryOfTimingAnalysis>
<SummaryOfOverallLatency>
<Best-caseLatency>undef</Best-caseLatency>
<Average-caseLatency>undef</Average-caseLatency>
<Worst-caseLatency>undef</Worst-caseLatency>
<PipelineInitiationInterval>undef</PipelineInitiationInterval>
<PipelineType>none</PipelineType>
</SummaryOfOverallLatency>
<SummaryOfLoopLatency>
<Loop1>
<Name>Loop 1</Name>
<TripCount>undef</TripCount>
<Latency>undef</Latency>
<IterationLatency>2</IterationLatency>
<PipelineDepth>2</PipelineDepth>
</Loop1>
<Loop2>
<Name>Loop 2</Name>
<TripCount>undef</TripCount>
<Latency>undef</Latency>
<IterationLatency>2</IterationLatency>
<PipelineDepth>2</PipelineDepth>
</Loop2>
<Loop3>
<Name>Loop 3</Name>
<TripCount>undef</TripCount>
<Latency>undef</Latency>
<IterationLatency>2</IterationLatency>
<PipelineDepth>2</PipelineDepth>
</Loop3>
<Loop4>
<Name>Loop 4</Name>
<TripCount>undef</TripCount>
<Latency>undef</Latency>
<IterationLatency>2</IterationLatency>
<PipelineDepth>2</PipelineDepth>
</Loop4>
<Loop5>
<Name>Loop 5</Name>
<TripCount>undef</TripCount>
<Latency>undef</Latency>
<IterationLatency>1</IterationLatency>
<PipelineDepth>1</PipelineDepth>
</Loop5>
<Loop6>
<Name>Loop 6</Name>
<TripCount>undef</TripCount>
<Latency>undef</Latency>
<IterationLatency>55</IterationLatency>
<PipelineDepth>55</PipelineDepth>
</Loop6>
<Loop7>
<Name>Loop 7</Name>
<TripCount>undef</TripCount>
<Latency>undef</Latency>
<IterationLatency>undef</IterationLatency>
<PipelineDepth>undef</PipelineDepth>
<Loop7.1>
<Name>Loop 7.1</Name>
<TripCount>undef</TripCount>
<Latency>undef</Latency>
<IterationLatency>
<range>
<min>31</min>
<max>182</max>
</range>
</IterationLatency>
<PipelineDepth>31 ~ 182</PipelineDepth>
</Loop7.1>
</Loop7>
</SummaryOfLoopLatency>
</PerformanceEstimates>
<AreaEstimates>
<Resources>
<BRAM_18K>12</BRAM_18K>
<DSP48E>31</DSP48E>
<FF>15906</FF>
<LUT>22757</LUT>
<URAM>0</URAM>
</Resources>
</AreaEstimates>
<InterfaceSummary>
<RtlPorts>
<name>s_axi_CRTL_BUS_AWVALID</name>
<Object>CRTL_BUS</Object>
<Type>scalar</Type>
<Scope></Scope>
<IOProtocol>s_axi</IOProtocol>
<IOConfig></IOConfig>
<Dir>in</Dir>
<Bits>1</Bits>
<Attribute>unknown</Attribute>
<CType>int</CType>
<HasCtrl>1</HasCtrl>
</RtlPorts>
<RtlPorts>
<name>s_axi_CRTL_BUS_AWREADY</name>
<Object>CRTL_BUS</Object>
<Type>scalar</Type>
<Scope></Scope>
<IOProtocol>s_axi</IOProtocol>
<IOConfig></IOConfig>
<Dir>out</Dir>
<Bits>1</Bits>
<Attribute>unknown</Attribute>
<CType>int</CType>
<HasCtrl>1</HasCtrl>
</RtlPorts>
<RtlPorts>
<name>s_axi_CRTL_BUS_AWADDR</name>
<Object>CRTL_BUS</Object>
<Type>scalar</Type>
<Scope></Scope>
<IOProtocol>s_axi</IOProtocol>
<IOConfig></IOConfig>
<Dir>in</Dir>
<Bits>6</Bits>
<Attribute>unknown</Attribute>
<CType>int</CType>
<HasCtrl>1</HasCtrl>
</RtlPorts>
<RtlPorts>
<name>s_axi_CRTL_BUS_WVALID</name>
<Object>CRTL_BUS</Object>
<Type>scalar</Type>
<Scope></Scope>
<IOProtocol>s_axi</IOProtocol>
<IOConfig></IOConfig>
<Dir>in</Dir>
<Bits>1</Bits>
<Attribute>unknown</Attribute>
<CType>int</CType>
<HasCtrl>1</HasCtrl>
</RtlPorts>
<RtlPorts>
<name>s_axi_CRTL_BUS_WREADY</name>
<Object>CRTL_BUS</Object>
<Type>scalar</Type>
<Scope></Scope>
<IOProtocol>s_axi</IOProtocol>
<IOConfig></IOConfig>
<Dir>out</Dir>
<Bits>1</Bits>
<Attribute>unknown</Attribute>
<CType>int</CType>
<HasCtrl>1</HasCtrl>
</RtlPorts>
<RtlPorts>
<name>s_axi_CRTL_BUS_WDATA</name>
<Object>CRTL_BUS</Object>
<Type>scalar</Type>
<Scope></Scope>
<IOProtocol>s_axi</IOProtocol>
<IOConfig></IOConfig>
<Dir>in</Dir>
<Bits>32</Bits>
<Attribute>unknown</Attribute>
<CType>int</CType>
<HasCtrl>1</HasCtrl>
</RtlPorts>
<RtlPorts>
<name>s_axi_CRTL_BUS_WSTRB</name>
<Object>CRTL_BUS</Object>
<Type>scalar</Type>
<Scope></Scope>
<IOProtocol>s_axi</IOProtocol>
<IOConfig></IOConfig>
<Dir>in</Dir>
<Bits>4</Bits>
<Attribute>unknown</Attribute>
<CType>int</CType>
<HasCtrl>1</HasCtrl>
</RtlPorts>
<RtlPorts>
<name>s_axi_CRTL_BUS_ARVALID</name>
<Object>CRTL_BUS</Object>
<Type>scalar</Type>
<Scope></Scope>
<IOProtocol>s_axi</IOProtocol>
<IOConfig></IOConfig>
<Dir>in</Dir>
<Bits>1</Bits>
<Attribute>unknown</Attribute>
<CType>int</CType>
<HasCtrl>1</HasCtrl>
</RtlPorts>
<RtlPorts>
<name>s_axi_CRTL_BUS_ARREADY</name>
<Object>CRTL_BUS</Object>
<Type>scalar</Type>
<Scope></Scope>
<IOProtocol>s_axi</IOProtocol>
<IOConfig></IOConfig>
<Dir>out</Dir>
<Bits>1</Bits>
<Attribute>unknown</Attribute>
<CType>int</CType>
<HasCtrl>1</HasCtrl>
</RtlPorts>
<RtlPorts>
<name>s_axi_CRTL_BUS_ARADDR</name>
<Object>CRTL_BUS</Object>
<Type>scalar</Type>
<Scope></Scope>
<IOProtocol>s_axi</IOProtocol>
<IOConfig></IOConfig>
<Dir>in</Dir>
<Bits>6</Bits>
<Attribute>unknown</Attribute>
<CType>int</CType>
<HasCtrl>1</HasCtrl>
</RtlPorts>
<RtlPorts>
<name>s_axi_CRTL_BUS_RVALID</name>
<Object>CRTL_BUS</Object>
<Type>scalar</Type>
<Scope></Scope>
<IOProtocol>s_axi</IOProtocol>
<IOConfig></IOConfig>
<Dir>out</Dir>
<Bits>1</Bits>
<Attribute>unknown</Attribute>
<CType>int</CType>
<HasCtrl>1</HasCtrl>
</RtlPorts>
<RtlPorts>
<name>s_axi_CRTL_BUS_RREADY</name>
<Object>CRTL_BUS</Object>
<Type>scalar</Type>
<Scope></Scope>
<IOProtocol>s_axi</IOProtocol>
<IOConfig></IOConfig>
<Dir>in</Dir>
<Bits>1</Bits>
<Attribute>unknown</Attribute>
<CType>int</CType>
<HasCtrl>1</HasCtrl>
</RtlPorts>
<RtlPorts>
<name>s_axi_CRTL_BUS_RDATA</name>
<Object>CRTL_BUS</Object>
<Type>scalar</Type>
<Scope></Scope>
<IOProtocol>s_axi</IOProtocol>
<IOConfig></IOConfig>
<Dir>out</Dir>
<Bits>32</Bits>
<Attribute>unknown</Attribute>
<CType>int</CType>
<HasCtrl>1</HasCtrl>
</RtlPorts>
<RtlPorts>
<name>s_axi_CRTL_BUS_RRESP</name>
<Object>CRTL_BUS</Object>
<Type>scalar</Type>
<Scope></Scope>
<IOProtocol>s_axi</IOProtocol>
<IOConfig></IOConfig>
<Dir>out</Dir>
<Bits>2</Bits>
<Attribute>unknown</Attribute>
<CType>int</CType>
<HasCtrl>1</HasCtrl>
</RtlPorts>
<RtlPorts>
<name>s_axi_CRTL_BUS_BVALID</name>
<Object>CRTL_BUS</Object>
<Type>scalar</Type>
<Scope></Scope>
<IOProtocol>s_axi</IOProtocol>
<IOConfig></IOConfig>
<Dir>out</Dir>
<Bits>1</Bits>
<Attribute>unknown</Attribute>
<CType>int</CType>
<HasCtrl>1</HasCtrl>
</RtlPorts>
<RtlPorts>
<name>s_axi_CRTL_BUS_BREADY</name>
<Object>CRTL_BUS</Object>
<Type>scalar</Type>
<Scope></Scope>
<IOProtocol>s_axi</IOProtocol>
<IOConfig></IOConfig>
<Dir>in</Dir>
<Bits>1</Bits>
<Attribute>unknown</Attribute>
<CType>int</CType>
<HasCtrl>1</HasCtrl>
</RtlPorts>
<RtlPorts>
<name>s_axi_CRTL_BUS_BRESP</name>
<Object>CRTL_BUS</Object>
<Type>scalar</Type>
<Scope></Scope>
<IOProtocol>s_axi</IOProtocol>
<IOConfig></IOConfig>
<Dir>out</Dir>
<Bits>2</Bits>
<Attribute>unknown</Attribute>
<CType>int</CType>
<HasCtrl>1</HasCtrl>
</RtlPorts>
<RtlPorts>
<name>ap_clk</name>
<Object>lague</Object>
<Type>return value</Type>
<Scope></Scope>
<IOProtocol>ap_ctrl_hs</IOProtocol>
<IOConfig></IOConfig>
<Dir>in</Dir>
<Bits>1</Bits>
<Attribute>control</Attribute>
</RtlPorts>
<RtlPorts>
<name>ap_rst_n</name>
<Object>lague</Object>
<Type>return value</Type>
<Scope></Scope>
<IOProtocol>ap_ctrl_hs</IOProtocol>
<IOConfig></IOConfig>
<Dir>in</Dir>
<Bits>1</Bits>
<Attribute>control</Attribute>
</RtlPorts>
<RtlPorts>
<name>interrupt</name>
<Object>lague</Object>
<Type>return value</Type>
<Scope></Scope>
<IOProtocol>ap_ctrl_hs</IOProtocol>
<IOConfig></IOConfig>
<Dir>out</Dir>
<Bits>1</Bits>
<Attribute>unknown</Attribute>
</RtlPorts>
<RtlPorts>
<name>inx_Addr_A</name>
<Object>inx</Object>
<Type>array</Type>
<Scope></Scope>
<IOProtocol>bram</IOProtocol>
<IOConfig></IOConfig>
<Dir>out</Dir>
<Bits>32</Bits>
<Attribute>address</Attribute>
<CType>double</CType>
</RtlPorts>
<RtlPorts>
<name>inx_EN_A</name>
<Object>inx</Object>
<Type>array</Type>
<Scope></Scope>
<IOProtocol>bram</IOProtocol>
<IOConfig></IOConfig>
<Dir>out</Dir>
<Bits>1</Bits>
<Attribute>control</Attribute>
<CType>double</CType>
</RtlPorts>
<RtlPorts>
<name>inx_WEN_A</name>
<Object>inx</Object>
<Type>array</Type>
<Scope></Scope>
<IOProtocol>bram</IOProtocol>
<IOConfig></IOConfig>
<Dir>out</Dir>
<Bits>8</Bits>
<Attribute>control</Attribute>
<CType>double</CType>
</RtlPorts>
<RtlPorts>
<name>inx_Din_A</name>
<Object>inx</Object>
<Type>array</Type>
<Scope></Scope>
<IOProtocol>bram</IOProtocol>
<IOConfig></IOConfig>
<Dir>out</Dir>
<Bits>64</Bits>
<Attribute>data</Attribute>
<CType>double</CType>
</RtlPorts>
<RtlPorts>
<name>inx_Dout_A</name>
<Object>inx</Object>
<Type>array</Type>
<Scope></Scope>
<IOProtocol>bram</IOProtocol>
<IOConfig></IOConfig>
<Dir>in</Dir>
<Bits>64</Bits>
<Attribute>data</Attribute>
<CType>double</CType>
</RtlPorts>
<RtlPorts>
<name>inx_Clk_A</name>
<Object>inx</Object>
<Type>array</Type>
<Scope></Scope>
<IOProtocol>bram</IOProtocol>
<IOConfig></IOConfig>
<Dir>out</Dir>
<Bits>1</Bits>
<Attribute>control</Attribute>
<CType>double</CType>
</RtlPorts>
<RtlPorts>
<name>inx_Rst_A</name>
<Object>inx</Object>
<Type>array</Type>
<Scope></Scope>
<IOProtocol>bram</IOProtocol>
<IOConfig></IOConfig>
<Dir>out</Dir>
<Bits>1</Bits>
<Attribute>control</Attribute>
<CType>double</CType>
</RtlPorts>
<RtlPorts>
<name>inp_Addr_A</name>
<Object>inp</Object>
<Type>array</Type>
<Scope></Scope>
<IOProtocol>bram</IOProtocol>
<IOConfig></IOConfig>
<Dir>out</Dir>
<Bits>32</Bits>
<Attribute>address</Attribute>
<CType>double</CType>
</RtlPorts>
<RtlPorts>
<name>inp_EN_A</name>
<Object>inp</Object>
<Type>array</Type>
<Scope></Scope>
<IOProtocol>bram</IOProtocol>
<IOConfig></IOConfig>
<Dir>out</Dir>
<Bits>1</Bits>
<Attribute>control</Attribute>
<CType>double</CType>
</RtlPorts>
<RtlPorts>
<name>inp_WEN_A</name>
<Object>inp</Object>
<Type>array</Type>
<Scope></Scope>
<IOProtocol>bram</IOProtocol>
<IOConfig></IOConfig>
<Dir>out</Dir>
<Bits>8</Bits>
<Attribute>control</Attribute>
<CType>double</CType>
</RtlPorts>
<RtlPorts>
<name>inp_Din_A</name>
<Object>inp</Object>
<Type>array</Type>
<Scope></Scope>
<IOProtocol>bram</IOProtocol>
<IOConfig></IOConfig>
<Dir>out</Dir>
<Bits>64</Bits>
<Attribute>data</Attribute>
<CType>double</CType>
</RtlPorts>
<RtlPorts>
<name>inp_Dout_A</name>
<Object>inp</Object>
<Type>array</Type>
<Scope></Scope>
<IOProtocol>bram</IOProtocol>
<IOConfig></IOConfig>
<Dir>in</Dir>
<Bits>64</Bits>
<Attribute>data</Attribute>
<CType>double</CType>
</RtlPorts>
<RtlPorts>
<name>inp_Clk_A</name>
<Object>inp</Object>
<Type>array</Type>
<Scope></Scope>
<IOProtocol>bram</IOProtocol>
<IOConfig></IOConfig>
<Dir>out</Dir>
<Bits>1</Bits>
<Attribute>control</Attribute>
<CType>double</CType>
</RtlPorts>
<RtlPorts>
<name>inp_Rst_A</name>
<Object>inp</Object>
<Type>array</Type>
<Scope></Scope>
<IOProtocol>bram</IOProtocol>
<IOConfig></IOConfig>
<Dir>out</Dir>
<Bits>1</Bits>
<Attribute>control</Attribute>
<CType>double</CType>
</RtlPorts>
<RtlPorts>
<name>out_r_Addr_A</name>
<Object>out_r</Object>
<Type>array</Type>
<Scope></Scope>
<IOProtocol>bram</IOProtocol>
<IOConfig></IOConfig>
<Dir>out</Dir>
<Bits>32</Bits>
<Attribute>address</Attribute>
<CType>double</CType>
</RtlPorts>
<RtlPorts>
<name>out_r_EN_A</name>
<Object>out_r</Object>
<Type>array</Type>
<Scope></Scope>
<IOProtocol>bram</IOProtocol>
<IOConfig></IOConfig>
<Dir>out</Dir>
<Bits>1</Bits>
<Attribute>control</Attribute>
<CType>double</CType>
</RtlPorts>
<RtlPorts>
<name>out_r_WEN_A</name>
<Object>out_r</Object>
<Type>array</Type>
<Scope></Scope>
<IOProtocol>bram</IOProtocol>
<IOConfig></IOConfig>
<Dir>out</Dir>
<Bits>8</Bits>
<Attribute>control</Attribute>
<CType>double</CType>
</RtlPorts>
<RtlPorts>
<name>out_r_Din_A</name>
<Object>out_r</Object>
<Type>array</Type>
<Scope></Scope>
<IOProtocol>bram</IOProtocol>
<IOConfig></IOConfig>
<Dir>out</Dir>
<Bits>64</Bits>
<Attribute>data</Attribute>
<CType>double</CType>
</RtlPorts>
<RtlPorts>
<name>out_r_Dout_A</name>
<Object>out_r</Object>
<Type>array</Type>
<Scope></Scope>
<IOProtocol>bram</IOProtocol>
<IOConfig></IOConfig>
<Dir>in</Dir>
<Bits>64</Bits>
<Attribute>data</Attribute>
<CType>double</CType>
</RtlPorts>
<RtlPorts>
<name>out_r_Clk_A</name>
<Object>out_r</Object>
<Type>array</Type>
<Scope></Scope>
<IOProtocol>bram</IOProtocol>
<IOConfig></IOConfig>
<Dir>out</Dir>
<Bits>1</Bits>
<Attribute>control</Attribute>
<CType>double</CType>
</RtlPorts>
<RtlPorts>
<name>out_r_Rst_A</name>
<Object>out_r</Object>
<Type>array</Type>
<Scope></Scope>
<IOProtocol>bram</IOProtocol>
<IOConfig></IOConfig>
<Dir>out</Dir>
<Bits>1</Bits>
<Attribute>control</Attribute>
<CType>double</CType>
</RtlPorts>
<RtlPorts>
<name>out_r_Addr_B</name>
<Object>out_r</Object>
<Type>array</Type>
<Scope></Scope>
<IOProtocol>bram</IOProtocol>
<IOConfig></IOConfig>
<Dir>out</Dir>
<Bits>32</Bits>
<Attribute>address</Attribute>
<CType>double</CType>
</RtlPorts>
<RtlPorts>
<name>out_r_EN_B</name>
<Object>out_r</Object>
<Type>array</Type>
<Scope></Scope>
<IOProtocol>bram</IOProtocol>
<IOConfig></IOConfig>
<Dir>out</Dir>
<Bits>1</Bits>
<Attribute>control</Attribute>
<CType>double</CType>
</RtlPorts>
<RtlPorts>
<name>out_r_WEN_B</name>
<Object>out_r</Object>
<Type>array</Type>
<Scope></Scope>
<IOProtocol>bram</IOProtocol>
<IOConfig></IOConfig>
<Dir>out</Dir>
<Bits>8</Bits>
<Attribute>control</Attribute>
<CType>double</CType>
</RtlPorts>
<RtlPorts>
<name>out_r_Din_B</name>
<Object>out_r</Object>
<Type>array</Type>
<Scope></Scope>
<IOProtocol>bram</IOProtocol>
<IOConfig></IOConfig>
<Dir>out</Dir>
<Bits>64</Bits>
<Attribute>data</Attribute>
<CType>double</CType>
</RtlPorts>
<RtlPorts>
<name>out_r_Dout_B</name>
<Object>out_r</Object>
<Type>array</Type>
<Scope></Scope>
<IOProtocol>bram</IOProtocol>
<IOConfig></IOConfig>
<Dir>in</Dir>
<Bits>64</Bits>
<Attribute>data</Attribute>
<CType>double</CType>
</RtlPorts>
<RtlPorts>
<name>out_r_Clk_B</name>
<Object>out_r</Object>
<Type>array</Type>
<Scope></Scope>
<IOProtocol>bram</IOProtocol>
<IOConfig></IOConfig>
<Dir>out</Dir>
<Bits>1</Bits>
<Attribute>control</Attribute>
<CType>double</CType>
</RtlPorts>
<RtlPorts>
<name>out_r_Rst_B</name>
<Object>out_r</Object>
<Type>array</Type>
<Scope></Scope>
<IOProtocol>bram</IOProtocol>
<IOConfig></IOConfig>
<Dir>out</Dir>
<Bits>1</Bits>
<Attribute>control</Attribute>
<CType>double</CType>
</RtlPorts>
</InterfaceSummary>
</Module>
</ModuleInformation>

</profile>
