<annotationInfo>
<annotationInfo>
<item  id="27" filename="lague/core.cpp" linenumber="36" name="icmp_ln36" contextFuncName="lague" moduleName="lague" rtlName="icmp_ln36_fu_797_p2" latency="0" BRAM="-1" DSP="-1" FF="0" LUT="18" fileDirectory="E:\Vivado\FPGA-Orthopoly\Lague\HLS"><\/item>
<item  id="30" filename="lague/core.cpp" linenumber="41" name="icmp_ln41" contextFuncName="lague" moduleName="lague" rtlName="icmp_ln41_fu_803_p2" latency="0" BRAM="-1" DSP="-1" FF="0" LUT="18" fileDirectory="E:\Vivado\FPGA-Orthopoly\Lague\HLS"><\/item>
<item  id="33" filename="lague/core.cpp" linenumber="49" name="icmp_ln49" contextFuncName="lague" moduleName="lague" rtlName="icmp_ln49_fu_809_p2" latency="0" BRAM="-1" DSP="-1" FF="0" LUT="18" fileDirectory="E:\Vivado\FPGA-Orthopoly\Lague\HLS"><\/item>
<item  id="36" filename="lague/core.cpp" linenumber="53" name="icmp_ln53" contextFuncName="lague" moduleName="lague" rtlName="icmp_ln53_fu_815_p2" latency="0" BRAM="-1" DSP="-1" FF="0" LUT="18" fileDirectory="E:\Vivado\FPGA-Orthopoly\Lague\HLS"><\/item>
<item  id="39" filename="lague/core.cpp" linenumber="57" name="icmp_ln57" contextFuncName="lague" moduleName="lague" rtlName="icmp_ln57_fu_821_p2" latency="0" BRAM="-1" DSP="-1" FF="0" LUT="18" fileDirectory="E:\Vivado\FPGA-Orthopoly\Lague\HLS"><\/item>
<item  id="44" filename="r:/builds/2019.1/continuous/2019_05_24_2552052/src/products/hls/hls_lib/src/hls\utils/x_hls_utils.h" linenumber="475" name="p_Val2_s" contextFuncName="fp_struct" moduleName="lague" rtlName="p_Val2_s_fu_827_p1" latency="0" BRAM="-1" DSP="-1" FF="-1" LUT="-1" fileDirectory="r:\builds\2019.1\continuous\2019_05_24_2552052\src\products"><\/item>
<item  id="45" filename="r:/builds/2019.1/continuous/2019_05_24_2552052/src/products/hls/hls_lib/src/hls\utils/x_hls_utils.h" linenumber="476" name="p_Result_s" contextFuncName="fp_struct" moduleName="lague" rtlName="p_Result_s_reg_1674" latency="0" BRAM="-1" DSP="-1" FF="-1" LUT="-1" fileDirectory="r:\builds\2019.1\continuous\2019_05_24_2552052\src\products"><\/item>
<item  id="46" filename="r:/builds/2019.1/continuous/2019_05_24_2552052/src/products/hls/hls_lib/src/hls\utils/x_hls_utils.h" linenumber="477" name="tmp_V" contextFuncName="fp_struct" moduleName="lague" rtlName="tmp_V_fu_839_p4" latency="0" BRAM="-1" DSP="-1" FF="-1" LUT="-1" fileDirectory="r:\builds\2019.1\continuous\2019_05_24_2552052\src\products"><\/item>
<item  id="47" filename="r:/builds/2019.1/continuous/2019_05_24_2552052/src/products/hls/hls_lib/src/hls\utils/x_hls_utils.h" linenumber="478" name="tmp_V_1" contextFuncName="fp_struct" moduleName="lague" rtlName="tmp_V_1_fu_849_p1" latency="0" BRAM="-1" DSP="-1" FF="-1" LUT="-1" fileDirectory="r:\builds\2019.1\continuous\2019_05_24_2552052\src\products"><\/item>
<item  id="48" filename="r:/builds/2019.1/continuous/2019_05_24_2552052/src/products/hls/hls_lib/hlsmath/include/FloatingPoint\hls_case_IEEE754.h" linenumber="15" name="mantissa_V" contextFuncName="generic_cast_IEEE754&lt;int, 6, double&gt;" moduleName="lague" rtlName="mantissa_V_fu_1141_p4" latency="0" BRAM="-1" DSP="-1" FF="-1" LUT="-1" fileDirectory="r:\builds\2019.1\continuous\2019_05_24_2552052\src\products"><\/item>
<item  id="49" filename="r:/builds/2019.1/continuous/2019_05_24_2552052/src/products/hls/hls_lib/hlsmath/include/FloatingPoint\hls_case_IEEE754.h" linenumber="15" name="zext_ln682" contextFuncName="generic_cast_IEEE754&lt;int, 6, double&gt;" moduleName="lague" rtlName="zext_ln682_fu_1150_p1" latency="0" BRAM="-1" DSP="-1" FF="-1" LUT="-1" fileDirectory="r:\builds\2019.1\continuous\2019_05_24_2552052\src\products"><\/item>
<item  id="50" filename="r:/builds/2019.1/continuous/2019_05_24_2552052/src/products/hls/hls_lib/src/hls\utils/x_hls_utils.h" linenumber="502" name="zext_ln502" contextFuncName="expv" moduleName="lague" rtlName="zext_ln502_fu_853_p1" latency="0" BRAM="-1" DSP="-1" FF="-1" LUT="-1" fileDirectory="r:\builds\2019.1\continuous\2019_05_24_2552052\src\products"><\/item>
<item  id="51" filename="r:/builds/2019.1/continuous/2019_05_24_2552052/src/products/hls/hls_lib/src/hls\utils/x_hls_utils.h" linenumber="502" name="add_ln502" contextFuncName="expv" moduleName="lague" rtlName="add_ln502_fu_857_p2" latency="0" BRAM="-1" DSP="-1" FF="0" LUT="12" fileDirectory="r:\builds\2019.1\continuous\2019_05_24_2552052\src\products"><\/item>
<item  id="52" filename="r:/builds/2019.1/continuous/2019_05_24_2552052/src/products/hls/hls_lib/hlsmath/include/FloatingPoint\hls_case_IEEE754.h" linenumber="18" name="isNeg" contextFuncName="generic_cast_IEEE754&lt;int, 6, double&gt;" moduleName="lague" rtlName="isNeg_reg_1684" latency="0" BRAM="-1" DSP="-1" FF="-1" LUT="-1" fileDirectory="r:\builds\2019.1\continuous\2019_05_24_2552052\src\products"><\/item>
<item  id="53" filename="r:/builds/2019.1/continuous/2019_05_24_2552052/src/products/hls/hls_lib/hlsmath/include/FloatingPoint\hls_case_IEEE754.h" linenumber="18" name="sub_ln1311" contextFuncName="generic_cast_IEEE754&lt;int, 6, double&gt;" moduleName="lague" rtlName="sub_ln1311_fu_871_p2" latency="0" BRAM="-1" DSP="-1" FF="0" LUT="13" fileDirectory="r:\builds\2019.1\continuous\2019_05_24_2552052\src\products"><\/item>
<item  id="54" filename="r:/builds/2019.1/continuous/2019_05_24_2552052/src/products/hls/hls_lib/hlsmath/include/FloatingPoint\hls_case_IEEE754.h" linenumber="18" name="sext_ln1311" contextFuncName="generic_cast_IEEE754&lt;int, 6, double&gt;" moduleName="lague" rtlName="sext_ln1311_fu_877_p1" latency="0" BRAM="-1" DSP="-1" FF="-1" LUT="-1" fileDirectory="r:\builds\2019.1\continuous\2019_05_24_2552052\src\products"><\/item>
<item  id="55" filename="r:/builds/2019.1/continuous/2019_05_24_2552052/src/products/hls/hls_lib/hlsmath/include/FloatingPoint\hls_case_IEEE754.h" linenumber="18" name="ush" contextFuncName="generic_cast_IEEE754&lt;int, 6, double&gt;" moduleName="lague" rtlName="ush_fu_881_p3" latency="0" BRAM="-1" DSP="-1" FF="0" LUT="12" fileDirectory="r:\builds\2019.1\continuous\2019_05_24_2552052\src\products"><\/item>
<item  id="56" filename="r:/builds/2019.1/continuous/2019_05_24_2552052/src/products/hls/hls_lib/hlsmath/include/FloatingPoint\hls_case_IEEE754.h" linenumber="18" name="sext_ln1311_1" contextFuncName="generic_cast_IEEE754&lt;int, 6, double&gt;" moduleName="lague" rtlName="sext_ln1311_1_fu_1154_p1" latency="0" BRAM="-1" DSP="-1" FF="-1" LUT="-1" fileDirectory="r:\builds\2019.1\continuous\2019_05_24_2552052\src\products"><\/item>
<item  id="57" filename="r:/builds/2019.1/continuous/2019_05_24_2552052/src/products/hls/hls_lib/hlsmath/include/FloatingPoint\hls_case_IEEE754.h" linenumber="18" name="zext_ln1287" contextFuncName="generic_cast_IEEE754&lt;int, 6, double&gt;" moduleName="lague" rtlName="zext_ln1287_fu_1157_p1" latency="0" BRAM="-1" DSP="-1" FF="-1" LUT="-1" fileDirectory="r:\builds\2019.1\continuous\2019_05_24_2552052\src\products"><\/item>
<item  id="58" filename="r:/builds/2019.1/continuous/2019_05_24_2552052/src/products/hls/hls_lib/hlsmath/include/FloatingPoint\hls_case_IEEE754.h" linenumber="18" name="zext_ln1285" contextFuncName="generic_cast_IEEE754&lt;int, 6, double&gt;" moduleName="lague" rtlName="zext_ln1285_fu_1161_p1" latency="0" BRAM="-1" DSP="-1" FF="-1" LUT="-1" fileDirectory="r:\builds\2019.1\continuous\2019_05_24_2552052\src\products"><\/item>
<item  id="59" filename="r:/builds/2019.1/continuous/2019_05_24_2552052/src/products/hls/hls_lib/hlsmath/include/FloatingPoint\hls_case_IEEE754.h" linenumber="18" name="r_V" contextFuncName="generic_cast_IEEE754&lt;int, 6, double&gt;" moduleName="lague" rtlName="r_V_fu_1165_p2" latency="0" BRAM="-1" DSP="-1" FF="0" LUT="162" fileDirectory="r:\builds\2019.1\continuous\2019_05_24_2552052\src\products"><\/item>
<item  id="60" filename="r:/builds/2019.1/continuous/2019_05_24_2552052/src/products/hls/hls_lib/hlsmath/include/FloatingPoint\hls_case_IEEE754.h" linenumber="18" name="r_V_1" contextFuncName="generic_cast_IEEE754&lt;int, 6, double&gt;" moduleName="lague" rtlName="r_V_1_fu_1171_p2" latency="0" BRAM="-1" DSP="-1" FF="0" LUT="474" fileDirectory="r:\builds\2019.1\continuous\2019_05_24_2552052\src\products"><\/item>
<item  id="61" filename="r:/builds/2019.1/continuous/2019_05_24_2552052/src/products/hls/hls_lib/hlsmath/include/FloatingPoint\hls_case_IEEE754.h" linenumber="21" name="tmp_43" contextFuncName="generic_cast_IEEE754&lt;int, 6, double&gt;" moduleName="lague" rtlName="tmp_43_fu_1177_p3" latency="0" BRAM="-1" DSP="-1" FF="-1" LUT="-1" fileDirectory="r:\builds\2019.1\continuous\2019_05_24_2552052\src\products"><\/item>
<item  id="62" filename="r:/builds/2019.1/continuous/2019_05_24_2552052/src/products/hls/hls_lib/hlsmath/include/FloatingPoint\hls_case_IEEE754.h" linenumber="21" name="zext_ln662" contextFuncName="generic_cast_IEEE754&lt;int, 6, double&gt;" moduleName="lague" rtlName="zext_ln662_fu_1185_p1" latency="0" BRAM="-1" DSP="-1" FF="-1" LUT="-1" fileDirectory="r:\builds\2019.1\continuous\2019_05_24_2552052\src\products"><\/item>
<item  id="63" filename="r:/builds/2019.1/continuous/2019_05_24_2552052/src/products/hls/hls_lib/hlsmath/include/FloatingPoint\hls_case_IEEE754.h" linenumber="21" name="tmp_39" contextFuncName="generic_cast_IEEE754&lt;int, 6, double&gt;" moduleName="lague" rtlName="tmp_39_fu_1189_p4" latency="0" BRAM="-1" DSP="-1" FF="-1" LUT="-1" fileDirectory="r:\builds\2019.1\continuous\2019_05_24_2552052\src\products"><\/item>
<item  id="64" filename="r:/builds/2019.1/continuous/2019_05_24_2552052/src/products/hls/hls_lib/hlsmath/include/FloatingPoint\hls_case_IEEE754.h" linenumber="18" name="p_Val2_15" contextFuncName="generic_cast_IEEE754&lt;int, 6, double&gt;" moduleName="lague" rtlName="p_Val2_15_fu_1199_p3" latency="0" BRAM="-1" DSP="-1" FF="0" LUT="32" fileDirectory="r:\builds\2019.1\continuous\2019_05_24_2552052\src\products"><\/item>
<item  id="65" filename="r:/builds/2019.1/continuous/2019_05_24_2552052/src/products/hls/hls_lib/hlsmath/include/FloatingPoint\hls_case_IEEE754.h" linenumber="59" name="result_V_1" contextFuncName="generic_cast_IEEE754&lt;int, 6, double&gt;" moduleName="lague" rtlName="result_V_1_fu_1206_p2" latency="0" BRAM="-1" DSP="-1" FF="0" LUT="39" fileDirectory="r:\builds\2019.1\continuous\2019_05_24_2552052\src\products"><\/item>
<item  id="66" filename="r:/builds/2019.1/continuous/2019_05_24_2552052/src/products/hls/hls_lib/hlsmath/include/FloatingPoint\hls_case_IEEE754.h" linenumber="59" name="p_Val2_16" contextFuncName="generic_cast_IEEE754&lt;int, 6, double&gt;" moduleName="lague" rtlName="p_Val2_16_fu_1212_p3" latency="0" BRAM="-1" DSP="-1" FF="0" LUT="32" fileDirectory="r:\builds\2019.1\continuous\2019_05_24_2552052\src\products"><\/item>
<item  id="68" filename="r:/builds/2019.1/continuous/2019_05_24_2552052/src/products/hls/hls_lib/src/hls\utils/x_hls_utils.h" linenumber="475" name="p_Val2_5" contextFuncName="fp_struct" moduleName="lague" rtlName="p_Val2_5_fu_889_p1" latency="0" BRAM="-1" DSP="-1" FF="-1" LUT="-1" fileDirectory="r:\builds\2019.1\continuous\2019_05_24_2552052\src\products"><\/item>
<item  id="69" filename="r:/builds/2019.1/continuous/2019_05_24_2552052/src/products/hls/hls_lib/src/hls\utils/x_hls_utils.h" linenumber="476" name="p_Result_1" contextFuncName="fp_struct" moduleName="lague" rtlName="p_Result_1_fu_1219_p3" latency="0" BRAM="-1" DSP="-1" FF="-1" LUT="-1" fileDirectory="r:\builds\2019.1\continuous\2019_05_24_2552052\src\products"><\/item>
<item  id="70" filename="r:/builds/2019.1/continuous/2019_05_24_2552052/src/products/hls/hls_lib/src/hls\utils/x_hls_utils.h" linenumber="477" name="tmp_V_2" contextFuncName="fp_struct" moduleName="lague" rtlName="tmp_V_2_fu_893_p4" latency="0" BRAM="-1" DSP="-1" FF="-1" LUT="-1" fileDirectory="r:\builds\2019.1\continuous\2019_05_24_2552052\src\products"><\/item>
<item  id="71" filename="r:/builds/2019.1/continuous/2019_05_24_2552052/src/products/hls/hls_lib/src/hls\utils/x_hls_utils.h" linenumber="478" name="tmp_V_3" contextFuncName="fp_struct" moduleName="lague" rtlName="tmp_V_3_fu_903_p1" latency="0" BRAM="-1" DSP="-1" FF="-1" LUT="-1" fileDirectory="r:\builds\2019.1\continuous\2019_05_24_2552052\src\products"><\/item>
<item  id="72" filename="r:/builds/2019.1/continuous/2019_05_24_2552052/src/products/hls/hls_lib/hlsmath/include/FloatingPoint\hls_case_IEEE754.h" linenumber="15" name="mantissa_V_1" contextFuncName="generic_cast_IEEE754&lt;int, 6, double&gt;" moduleName="lague" rtlName="mantissa_V_1_fu_907_p4" latency="0" BRAM="-1" DSP="-1" FF="-1" LUT="-1" fileDirectory="r:\builds\2019.1\continuous\2019_05_24_2552052\src\products"><\/item>
<item  id="73" filename="r:/builds/2019.1/continuous/2019_05_24_2552052/src/products/hls/hls_lib/hlsmath/include/FloatingPoint\hls_case_IEEE754.h" linenumber="15" name="zext_ln682_1" contextFuncName="generic_cast_IEEE754&lt;int, 6, double&gt;" moduleName="lague" rtlName="zext_ln682_1_fu_917_p1" latency="0" BRAM="-1" DSP="-1" FF="-1" LUT="-1" fileDirectory="r:\builds\2019.1\continuous\2019_05_24_2552052\src\products"><\/item>
<item  id="74" filename="r:/builds/2019.1/continuous/2019_05_24_2552052/src/products/hls/hls_lib/src/hls\utils/x_hls_utils.h" linenumber="502" name="zext_ln502_1" contextFuncName="expv" moduleName="lague" rtlName="zext_ln502_1_fu_921_p1" latency="0" BRAM="-1" DSP="-1" FF="-1" LUT="-1" fileDirectory="r:\builds\2019.1\continuous\2019_05_24_2552052\src\products"><\/item>
<item  id="75" filename="r:/builds/2019.1/continuous/2019_05_24_2552052/src/products/hls/hls_lib/src/hls\utils/x_hls_utils.h" linenumber="502" name="add_ln502_1" contextFuncName="expv" moduleName="lague" rtlName="add_ln502_1_fu_925_p2" latency="0" BRAM="-1" DSP="-1" FF="0" LUT="12" fileDirectory="r:\builds\2019.1\continuous\2019_05_24_2552052\src\products"><\/item>
<item  id="76" filename="r:/builds/2019.1/continuous/2019_05_24_2552052/src/products/hls/hls_lib/hlsmath/include/FloatingPoint\hls_case_IEEE754.h" linenumber="18" name="isNeg_1" contextFuncName="generic_cast_IEEE754&lt;int, 6, double&gt;" moduleName="lague" rtlName="isNeg_1_fu_931_p3" latency="0" BRAM="-1" DSP="-1" FF="-1" LUT="-1" fileDirectory="r:\builds\2019.1\continuous\2019_05_24_2552052\src\products"><\/item>
<item  id="77" filename="r:/builds/2019.1/continuous/2019_05_24_2552052/src/products/hls/hls_lib/hlsmath/include/FloatingPoint\hls_case_IEEE754.h" linenumber="18" name="sub_ln1311_1" contextFuncName="generic_cast_IEEE754&lt;int, 6, double&gt;" moduleName="lague" rtlName="sub_ln1311_1_fu_939_p2" latency="0" BRAM="-1" DSP="-1" FF="0" LUT="13" fileDirectory="r:\builds\2019.1\continuous\2019_05_24_2552052\src\products"><\/item>
<item  id="78" filename="r:/builds/2019.1/continuous/2019_05_24_2552052/src/products/hls/hls_lib/hlsmath/include/FloatingPoint\hls_case_IEEE754.h" linenumber="18" name="sext_ln1311_2" contextFuncName="generic_cast_IEEE754&lt;int, 6, double&gt;" moduleName="lague" rtlName="sext_ln1311_2_fu_945_p1" latency="0" BRAM="-1" DSP="-1" FF="-1" LUT="-1" fileDirectory="r:\builds\2019.1\continuous\2019_05_24_2552052\src\products"><\/item>
<item  id="79" filename="r:/builds/2019.1/continuous/2019_05_24_2552052/src/products/hls/hls_lib/hlsmath/include/FloatingPoint\hls_case_IEEE754.h" linenumber="18" name="ush_1" contextFuncName="generic_cast_IEEE754&lt;int, 6, double&gt;" moduleName="lague" rtlName="ush_1_fu_949_p3" latency="0" BRAM="-1" DSP="-1" FF="0" LUT="12" fileDirectory="r:\builds\2019.1\continuous\2019_05_24_2552052\src\products"><\/item>
<item  id="80" filename="r:/builds/2019.1/continuous/2019_05_24_2552052/src/products/hls/hls_lib/hlsmath/include/FloatingPoint\hls_case_IEEE754.h" linenumber="18" name="sext_ln1311_3" contextFuncName="generic_cast_IEEE754&lt;int, 6, double&gt;" moduleName="lague" rtlName="sext_ln1311_3_fu_957_p1" latency="0" BRAM="-1" DSP="-1" FF="-1" LUT="-1" fileDirectory="r:\builds\2019.1\continuous\2019_05_24_2552052\src\products"><\/item>
<item  id="81" filename="r:/builds/2019.1/continuous/2019_05_24_2552052/src/products/hls/hls_lib/hlsmath/include/FloatingPoint\hls_case_IEEE754.h" linenumber="18" name="zext_ln1287_1" contextFuncName="generic_cast_IEEE754&lt;int, 6, double&gt;" moduleName="lague" rtlName="zext_ln1287_1_fu_961_p1" latency="0" BRAM="-1" DSP="-1" FF="-1" LUT="-1" fileDirectory="r:\builds\2019.1\continuous\2019_05_24_2552052\src\products"><\/item>
<item  id="82" filename="r:/builds/2019.1/continuous/2019_05_24_2552052/src/products/hls/hls_lib/hlsmath/include/FloatingPoint\hls_case_IEEE754.h" linenumber="18" name="zext_ln1285_1" contextFuncName="generic_cast_IEEE754&lt;int, 6, double&gt;" moduleName="lague" rtlName="zext_ln1285_1_fu_965_p1" latency="0" BRAM="-1" DSP="-1" FF="-1" LUT="-1" fileDirectory="r:\builds\2019.1\continuous\2019_05_24_2552052\src\products"><\/item>
<item  id="83" filename="r:/builds/2019.1/continuous/2019_05_24_2552052/src/products/hls/hls_lib/hlsmath/include/FloatingPoint\hls_case_IEEE754.h" linenumber="18" name="r_V_2" contextFuncName="generic_cast_IEEE754&lt;int, 6, double&gt;" moduleName="lague" rtlName="r_V_2_fu_969_p2" latency="0" BRAM="-1" DSP="-1" FF="0" LUT="162" fileDirectory="r:\builds\2019.1\continuous\2019_05_24_2552052\src\products"><\/item>
<item  id="84" filename="r:/builds/2019.1/continuous/2019_05_24_2552052/src/products/hls/hls_lib/hlsmath/include/FloatingPoint\hls_case_IEEE754.h" linenumber="18" name="r_V_3" contextFuncName="generic_cast_IEEE754&lt;int, 6, double&gt;" moduleName="lague" rtlName="r_V_3_fu_975_p2" latency="0" BRAM="-1" DSP="-1" FF="0" LUT="474" fileDirectory="r:\builds\2019.1\continuous\2019_05_24_2552052\src\products"><\/item>
<item  id="85" filename="r:/builds/2019.1/continuous/2019_05_24_2552052/src/products/hls/hls_lib/hlsmath/include/FloatingPoint\hls_case_IEEE754.h" linenumber="21" name="tmp_47" contextFuncName="generic_cast_IEEE754&lt;int, 6, double&gt;" moduleName="lague" rtlName="tmp_47_fu_981_p3" latency="0" BRAM="-1" DSP="-1" FF="-1" LUT="-1" fileDirectory="r:\builds\2019.1\continuous\2019_05_24_2552052\src\products"><\/item>
<item  id="86" filename="r:/builds/2019.1/continuous/2019_05_24_2552052/src/products/hls/hls_lib/hlsmath/include/FloatingPoint\hls_case_IEEE754.h" linenumber="21" name="zext_ln662_1" contextFuncName="generic_cast_IEEE754&lt;int, 6, double&gt;" moduleName="lague" rtlName="zext_ln662_1_fu_989_p1" latency="0" BRAM="-1" DSP="-1" FF="-1" LUT="-1" fileDirectory="r:\builds\2019.1\continuous\2019_05_24_2552052\src\products"><\/item>
<item  id="87" filename="r:/builds/2019.1/continuous/2019_05_24_2552052/src/products/hls/hls_lib/hlsmath/include/FloatingPoint\hls_case_IEEE754.h" linenumber="21" name="tmp_40" contextFuncName="generic_cast_IEEE754&lt;int, 6, double&gt;" moduleName="lague" rtlName="tmp_40_fu_993_p4" latency="0" BRAM="-1" DSP="-1" FF="-1" LUT="-1" fileDirectory="r:\builds\2019.1\continuous\2019_05_24_2552052\src\products"><\/item>
<item  id="88" filename="r:/builds/2019.1/continuous/2019_05_24_2552052/src/products/hls/hls_lib/hlsmath/include/FloatingPoint\hls_case_IEEE754.h" linenumber="18" name="p_Val2_17" contextFuncName="generic_cast_IEEE754&lt;int, 6, double&gt;" moduleName="lague" rtlName="p_Val2_17_fu_1003_p3" latency="0" BRAM="-1" DSP="-1" FF="0" LUT="32" fileDirectory="r:\builds\2019.1\continuous\2019_05_24_2552052\src\products"><\/item>
<item  id="89" filename="r:/builds/2019.1/continuous/2019_05_24_2552052/src/products/hls/hls_lib/hlsmath/include/FloatingPoint\hls_case_IEEE754.h" linenumber="59" name="result_V_3" contextFuncName="generic_cast_IEEE754&lt;int, 6, double&gt;" moduleName="lague" rtlName="result_V_3_fu_1226_p2" latency="0" BRAM="-1" DSP="-1" FF="0" LUT="39" fileDirectory="r:\builds\2019.1\continuous\2019_05_24_2552052\src\products"><\/item>
<item  id="90" filename="r:/builds/2019.1/continuous/2019_05_24_2552052/src/products/hls/hls_lib/hlsmath/include/FloatingPoint\hls_case_IEEE754.h" linenumber="59" name="p_Val2_18" contextFuncName="generic_cast_IEEE754&lt;int, 6, double&gt;" moduleName="lague" rtlName="p_Val2_18_fu_1231_p3" latency="0" BRAM="-1" DSP="-1" FF="0" LUT="32" fileDirectory="r:\builds\2019.1\continuous\2019_05_24_2552052\src\products"><\/item>
<item  id="92" filename="r:/builds/2019.1/continuous/2019_05_24_2552052/src/products/hls/hls_lib/src/hls\utils/x_hls_utils.h" linenumber="475" name="p_Val2_10" contextFuncName="fp_struct" moduleName="lague" rtlName="p_Val2_10_fu_1011_p1" latency="0" BRAM="-1" DSP="-1" FF="-1" LUT="-1" fileDirectory="r:\builds\2019.1\continuous\2019_05_24_2552052\src\products"><\/item>
<item  id="93" filename="r:/builds/2019.1/continuous/2019_05_24_2552052/src/products/hls/hls_lib/src/hls\utils/x_hls_utils.h" linenumber="476" name="p_Result_2" contextFuncName="fp_struct" moduleName="lague" rtlName="p_Result_2_reg_1705" latency="0" BRAM="-1" DSP="-1" FF="-1" LUT="-1" fileDirectory="r:\builds\2019.1\continuous\2019_05_24_2552052\src\products"><\/item>
<item  id="94" filename="r:/builds/2019.1/continuous/2019_05_24_2552052/src/products/hls/hls_lib/src/hls\utils/x_hls_utils.h" linenumber="477" name="tmp_V_4" contextFuncName="fp_struct" moduleName="lague" rtlName="tmp_V_4_fu_1023_p4" latency="0" BRAM="-1" DSP="-1" FF="-1" LUT="-1" fileDirectory="r:\builds\2019.1\continuous\2019_05_24_2552052\src\products"><\/item>
<item  id="95" filename="r:/builds/2019.1/continuous/2019_05_24_2552052/src/products/hls/hls_lib/src/hls\utils/x_hls_utils.h" linenumber="478" name="tmp_V_5" contextFuncName="fp_struct" moduleName="lague" rtlName="tmp_V_5_fu_1033_p1" latency="0" BRAM="-1" DSP="-1" FF="-1" LUT="-1" fileDirectory="r:\builds\2019.1\continuous\2019_05_24_2552052\src\products"><\/item>
<item  id="96" filename="r:/builds/2019.1/continuous/2019_05_24_2552052/src/products/hls/hls_lib/hlsmath/include/FloatingPoint\hls_case_IEEE754.h" linenumber="15" name="mantissa_V_2" contextFuncName="generic_cast_IEEE754&lt;int, 6, double&gt;" moduleName="lague" rtlName="mantissa_V_2_fu_1037_p4" latency="0" BRAM="-1" DSP="-1" FF="-1" LUT="-1" fileDirectory="r:\builds\2019.1\continuous\2019_05_24_2552052\src\products"><\/item>
<item  id="97" filename="r:/builds/2019.1/continuous/2019_05_24_2552052/src/products/hls/hls_lib/hlsmath/include/FloatingPoint\hls_case_IEEE754.h" linenumber="15" name="zext_ln682_2" contextFuncName="generic_cast_IEEE754&lt;int, 6, double&gt;" moduleName="lague" rtlName="zext_ln682_2_fu_1047_p1" latency="0" BRAM="-1" DSP="-1" FF="-1" LUT="-1" fileDirectory="r:\builds\2019.1\continuous\2019_05_24_2552052\src\products"><\/item>
<item  id="98" filename="r:/builds/2019.1/continuous/2019_05_24_2552052/src/products/hls/hls_lib/src/hls\utils/x_hls_utils.h" linenumber="502" name="zext_ln502_2" contextFuncName="expv" moduleName="lague" rtlName="zext_ln502_2_fu_1051_p1" latency="0" BRAM="-1" DSP="-1" FF="-1" LUT="-1" fileDirectory="r:\builds\2019.1\continuous\2019_05_24_2552052\src\products"><\/item>
<item  id="99" filename="r:/builds/2019.1/continuous/2019_05_24_2552052/src/products/hls/hls_lib/src/hls\utils/x_hls_utils.h" linenumber="502" name="add_ln502_2" contextFuncName="expv" moduleName="lague" rtlName="add_ln502_2_fu_1055_p2" latency="0" BRAM="-1" DSP="-1" FF="0" LUT="12" fileDirectory="r:\builds\2019.1\continuous\2019_05_24_2552052\src\products"><\/item>
<item  id="100" filename="r:/builds/2019.1/continuous/2019_05_24_2552052/src/products/hls/hls_lib/hlsmath/include/FloatingPoint\hls_case_IEEE754.h" linenumber="18" name="isNeg_2" contextFuncName="generic_cast_IEEE754&lt;int, 6, double&gt;" moduleName="lague" rtlName="isNeg_2_fu_1061_p3" latency="0" BRAM="-1" DSP="-1" FF="-1" LUT="-1" fileDirectory="r:\builds\2019.1\continuous\2019_05_24_2552052\src\products"><\/item>
<item  id="101" filename="r:/builds/2019.1/continuous/2019_05_24_2552052/src/products/hls/hls_lib/hlsmath/include/FloatingPoint\hls_case_IEEE754.h" linenumber="18" name="sub_ln1311_2" contextFuncName="generic_cast_IEEE754&lt;int, 6, double&gt;" moduleName="lague" rtlName="sub_ln1311_2_fu_1069_p2" latency="0" BRAM="-1" DSP="-1" FF="0" LUT="13" fileDirectory="r:\builds\2019.1\continuous\2019_05_24_2552052\src\products"><\/item>
<item  id="102" filename="r:/builds/2019.1/continuous/2019_05_24_2552052/src/products/hls/hls_lib/hlsmath/include/FloatingPoint\hls_case_IEEE754.h" linenumber="18" name="sext_ln1311_4" contextFuncName="generic_cast_IEEE754&lt;int, 6, double&gt;" moduleName="lague" rtlName="sext_ln1311_4_fu_1075_p1" latency="0" BRAM="-1" DSP="-1" FF="-1" LUT="-1" fileDirectory="r:\builds\2019.1\continuous\2019_05_24_2552052\src\products"><\/item>
<item  id="103" filename="r:/builds/2019.1/continuous/2019_05_24_2552052/src/products/hls/hls_lib/hlsmath/include/FloatingPoint\hls_case_IEEE754.h" linenumber="18" name="ush_2" contextFuncName="generic_cast_IEEE754&lt;int, 6, double&gt;" moduleName="lague" rtlName="ush_2_fu_1079_p3" latency="0" BRAM="-1" DSP="-1" FF="0" LUT="12" fileDirectory="r:\builds\2019.1\continuous\2019_05_24_2552052\src\products"><\/item>
<item  id="104" filename="r:/builds/2019.1/continuous/2019_05_24_2552052/src/products/hls/hls_lib/hlsmath/include/FloatingPoint\hls_case_IEEE754.h" linenumber="18" name="sext_ln1311_5" contextFuncName="generic_cast_IEEE754&lt;int, 6, double&gt;" moduleName="lague" rtlName="sext_ln1311_5_fu_1087_p1" latency="0" BRAM="-1" DSP="-1" FF="-1" LUT="-1" fileDirectory="r:\builds\2019.1\continuous\2019_05_24_2552052\src\products"><\/item>
<item  id="105" filename="r:/builds/2019.1/continuous/2019_05_24_2552052/src/products/hls/hls_lib/hlsmath/include/FloatingPoint\hls_case_IEEE754.h" linenumber="18" name="zext_ln1287_2" contextFuncName="generic_cast_IEEE754&lt;int, 6, double&gt;" moduleName="lague" rtlName="zext_ln1287_2_fu_1091_p1" latency="0" BRAM="-1" DSP="-1" FF="-1" LUT="-1" fileDirectory="r:\builds\2019.1\continuous\2019_05_24_2552052\src\products"><\/item>
<item  id="106" filename="r:/builds/2019.1/continuous/2019_05_24_2552052/src/products/hls/hls_lib/hlsmath/include/FloatingPoint\hls_case_IEEE754.h" linenumber="18" name="zext_ln1285_2" contextFuncName="generic_cast_IEEE754&lt;int, 6, double&gt;" moduleName="lague" rtlName="zext_ln1285_2_fu_1095_p1" latency="0" BRAM="-1" DSP="-1" FF="-1" LUT="-1" fileDirectory="r:\builds\2019.1\continuous\2019_05_24_2552052\src\products"><\/item>
<item  id="107" filename="r:/builds/2019.1/continuous/2019_05_24_2552052/src/products/hls/hls_lib/hlsmath/include/FloatingPoint\hls_case_IEEE754.h" linenumber="18" name="r_V_4" contextFuncName="generic_cast_IEEE754&lt;int, 6, double&gt;" moduleName="lague" rtlName="r_V_4_fu_1099_p2" latency="0" BRAM="-1" DSP="-1" FF="0" LUT="162" fileDirectory="r:\builds\2019.1\continuous\2019_05_24_2552052\src\products"><\/item>
<item  id="108" filename="r:/builds/2019.1/continuous/2019_05_24_2552052/src/products/hls/hls_lib/hlsmath/include/FloatingPoint\hls_case_IEEE754.h" linenumber="18" name="r_V_5" contextFuncName="generic_cast_IEEE754&lt;int, 6, double&gt;" moduleName="lague" rtlName="r_V_5_fu_1105_p2" latency="0" BRAM="-1" DSP="-1" FF="0" LUT="474" fileDirectory="r:\builds\2019.1\continuous\2019_05_24_2552052\src\products"><\/item>
<item  id="109" filename="r:/builds/2019.1/continuous/2019_05_24_2552052/src/products/hls/hls_lib/hlsmath/include/FloatingPoint\hls_case_IEEE754.h" linenumber="21" name="tmp_50" contextFuncName="generic_cast_IEEE754&lt;int, 6, double&gt;" moduleName="lague" rtlName="tmp_50_fu_1111_p3" latency="0" BRAM="-1" DSP="-1" FF="-1" LUT="-1" fileDirectory="r:\builds\2019.1\continuous\2019_05_24_2552052\src\products"><\/item>
<item  id="110" filename="r:/builds/2019.1/continuous/2019_05_24_2552052/src/products/hls/hls_lib/hlsmath/include/FloatingPoint\hls_case_IEEE754.h" linenumber="21" name="zext_ln662_2" contextFuncName="generic_cast_IEEE754&lt;int, 6, double&gt;" moduleName="lague" rtlName="zext_ln662_2_fu_1119_p1" latency="0" BRAM="-1" DSP="-1" FF="-1" LUT="-1" fileDirectory="r:\builds\2019.1\continuous\2019_05_24_2552052\src\products"><\/item>
<item  id="111" filename="r:/builds/2019.1/continuous/2019_05_24_2552052/src/products/hls/hls_lib/hlsmath/include/FloatingPoint\hls_case_IEEE754.h" linenumber="21" name="tmp_41" contextFuncName="generic_cast_IEEE754&lt;int, 6, double&gt;" moduleName="lague" rtlName="tmp_41_fu_1123_p4" latency="0" BRAM="-1" DSP="-1" FF="-1" LUT="-1" fileDirectory="r:\builds\2019.1\continuous\2019_05_24_2552052\src\products"><\/item>
<item  id="112" filename="r:/builds/2019.1/continuous/2019_05_24_2552052/src/products/hls/hls_lib/hlsmath/include/FloatingPoint\hls_case_IEEE754.h" linenumber="18" name="p_Val2_19" contextFuncName="generic_cast_IEEE754&lt;int, 6, double&gt;" moduleName="lague" rtlName="p_Val2_19_fu_1133_p3" latency="0" BRAM="-1" DSP="-1" FF="0" LUT="32" fileDirectory="r:\builds\2019.1\continuous\2019_05_24_2552052\src\products"><\/item>
<item  id="113" filename="r:/builds/2019.1/continuous/2019_05_24_2552052/src/products/hls/hls_lib/hlsmath/include/FloatingPoint\hls_case_IEEE754.h" linenumber="59" name="result_V_5" contextFuncName="generic_cast_IEEE754&lt;int, 6, double&gt;" moduleName="lague" rtlName="result_V_5_fu_1238_p2" latency="0" BRAM="-1" DSP="-1" FF="0" LUT="39" fileDirectory="r:\builds\2019.1\continuous\2019_05_24_2552052\src\products"><\/item>
<item  id="114" filename="r:/builds/2019.1/continuous/2019_05_24_2552052/src/products/hls/hls_lib/hlsmath/include/FloatingPoint\hls_case_IEEE754.h" linenumber="59" name="p_Val2_20" contextFuncName="generic_cast_IEEE754&lt;int, 6, double&gt;" moduleName="lague" rtlName="p_Val2_20_fu_1243_p3" latency="0" BRAM="-1" DSP="-1" FF="0" LUT="32" fileDirectory="r:\builds\2019.1\continuous\2019_05_24_2552052\src\products"><\/item>
<item  id="116" filename="lague/core.cpp" linenumber="65" name="l" contextFuncName="lague" moduleName="lague" rtlName="l_fu_1249_p2" latency="0" BRAM="-1" DSP="-1" FF="0" LUT="39" fileDirectory="E:\Vivado\FPGA-Orthopoly\Lague\HLS"><\/item>
<item  id="122" filename="lague/core.cpp" linenumber="70" name="icmp_ln70" contextFuncName="lague" moduleName="lague" rtlName="icmp_ln70_fu_1255_p2" latency="0" BRAM="-1" DSP="-1" FF="0" LUT="18" fileDirectory="E:\Vivado\FPGA-Orthopoly\Lague\HLS"><\/item>
<item  id="125" filename="lague/core.cpp" linenumber="71" name="bitcast_ln71" contextFuncName="lague" moduleName="lague" rtlName="bitcast_ln71_fu_1261_p1" latency="0" BRAM="-1" DSP="-1" FF="-1" LUT="-1" fileDirectory="E:\Vivado\FPGA-Orthopoly\Lague\HLS"><\/item>
<item  id="126" filename="lague/core.cpp" linenumber="71" name="xor_ln71" contextFuncName="lague" moduleName="lague" rtlName="xor_ln71_fu_1265_p2" latency="0" BRAM="-1" DSP="-1" FF="0" LUT="65" fileDirectory="E:\Vivado\FPGA-Orthopoly\Lague\HLS"><\/item>
<item  id="127" filename="lague/core.cpp" linenumber="71" name="C_der" contextFuncName="lague" moduleName="lague" rtlName="C_der_fu_1271_p1" latency="0" BRAM="-1" DSP="-1" FF="-1" LUT="-1" fileDirectory="E:\Vivado\FPGA-Orthopoly\Lague\HLS"><\/item>
<item  id="128" filename="lague/core.cpp" linenumber="70" name="i_5" contextFuncName="lague" moduleName="lague" rtlName="i_5_fu_1275_p2" latency="0" BRAM="-1" DSP="-1" FF="0" LUT="39" fileDirectory="E:\Vivado\FPGA-Orthopoly\Lague\HLS"><\/item>
<item  id="131" filename="lague/core.cpp" linenumber="74" name="add_ln74" contextFuncName="lague" moduleName="lague" rtlName="add_ln74_fu_1281_p2" latency="0" BRAM="-1" DSP="-1" FF="0" LUT="39" fileDirectory="E:\Vivado\FPGA-Orthopoly\Lague\HLS"><\/item>
<item  id="132" filename="lague/core.cpp" linenumber="74" name="n_assign" contextFuncName="lague" moduleName="lague" rtlName="lague_sitodp_32nsg8j_U10" latency="5" BRAM="-1" DSP="-1" FF="-1" LUT="-1" fileDirectory="E:\Vivado\FPGA-Orthopoly\Lague\HLS"><\/item>
<item  id="133" filename="lague/core.cpp" linenumber="19" name="tmp_i" contextFuncName="RecurCoefLague" moduleName="lague" rtlName="lague_dadddsub_64bkb_U1" latency="4" BRAM="-1" DSP="-1" FF="-1" LUT="-1" fileDirectory="E:\Vivado\FPGA-Orthopoly\Lague\HLS"><\/item>
<item  id="134" filename="lague/core.cpp" linenumber="19" name="bitcast_ln19_1" contextFuncName="RecurCoefLague" moduleName="lague" rtlName="bitcast_ln19_1_fu_1286_p1" latency="0" BRAM="-1" DSP="-1" FF="-1" LUT="-1" fileDirectory="E:\Vivado\FPGA-Orthopoly\Lague\HLS"><\/item>
<item  id="135" filename="lague/core.cpp" linenumber="19" name="tmp_37" contextFuncName="RecurCoefLague" moduleName="lague" rtlName="tmp_37_fu_1290_p4" latency="0" BRAM="-1" DSP="-1" FF="-1" LUT="-1" fileDirectory="E:\Vivado\FPGA-Orthopoly\Lague\HLS"><\/item>
<item  id="136" filename="lague/core.cpp" linenumber="19" name="trunc_ln19" contextFuncName="RecurCoefLague" moduleName="lague" rtlName="trunc_ln19_fu_1300_p1" latency="0" BRAM="-1" DSP="-1" FF="-1" LUT="-1" fileDirectory="E:\Vivado\FPGA-Orthopoly\Lague\HLS"><\/item>
<item  id="137" filename="lague/core.cpp" linenumber="19" name="icmp_ln19_2" contextFuncName="RecurCoefLague" moduleName="lague" rtlName="icmp_ln19_2_fu_1304_p2" latency="0" BRAM="-1" DSP="-1" FF="0" LUT="13" fileDirectory="E:\Vivado\FPGA-Orthopoly\Lague\HLS"><\/item>
<item  id="138" filename="lague/core.cpp" linenumber="19" name="icmp_ln19_3" contextFuncName="RecurCoefLague" moduleName="lague" rtlName="icmp_ln19_3_fu_1310_p2" latency="0" BRAM="-1" DSP="-1" FF="0" LUT="29" fileDirectory="E:\Vivado\FPGA-Orthopoly\Lague\HLS"><\/item>
<item  id="139" filename="lague/core.cpp" linenumber="19" name="or_ln19_1" contextFuncName="RecurCoefLague" moduleName="lague" rtlName="or_ln19_1_fu_1316_p2" latency="0" BRAM="-1" DSP="-1" FF="0" LUT="2" fileDirectory="E:\Vivado\FPGA-Orthopoly\Lague\HLS"><\/item>
<item  id="143" filename="lague/core.cpp" linenumber="19" name="j" contextFuncName="RecurCoefLague" moduleName="lague" rtlName="lague_sitodp_32nsg8j_U10" latency="5" BRAM="-1" DSP="-1" FF="-1" LUT="-1" fileDirectory="E:\Vivado\FPGA-Orthopoly\Lague\HLS"><\/item>
<item  id="144" filename="lague/core.cpp" linenumber="19" name="bitcast_ln19" contextFuncName="RecurCoefLague" moduleName="lague" rtlName="bitcast_ln19_fu_1322_p1" latency="0" BRAM="-1" DSP="-1" FF="-1" LUT="-1" fileDirectory="E:\Vivado\FPGA-Orthopoly\Lague\HLS"><\/item>
<item  id="145" filename="lague/core.cpp" linenumber="19" name="tmp_35" contextFuncName="RecurCoefLague" moduleName="lague" rtlName="tmp_35_fu_1326_p4" latency="0" BRAM="-1" DSP="-1" FF="-1" LUT="-1" fileDirectory="E:\Vivado\FPGA-Orthopoly\Lague\HLS"><\/item>
<item  id="146" filename="lague/core.cpp" linenumber="19" name="trunc_ln19_1" contextFuncName="RecurCoefLague" moduleName="lague" rtlName="trunc_ln19_1_fu_1336_p1" latency="0" BRAM="-1" DSP="-1" FF="-1" LUT="-1" fileDirectory="E:\Vivado\FPGA-Orthopoly\Lague\HLS"><\/item>
<item  id="147" filename="lague/core.cpp" linenumber="19" name="icmp_ln19" contextFuncName="RecurCoefLague" moduleName="lague" rtlName="icmp_ln19_fu_1340_p2" latency="0" BRAM="-1" DSP="-1" FF="0" LUT="13" fileDirectory="E:\Vivado\FPGA-Orthopoly\Lague\HLS"><\/item>
<item  id="148" filename="lague/core.cpp" linenumber="19" name="icmp_ln19_1" contextFuncName="RecurCoefLague" moduleName="lague" rtlName="icmp_ln19_1_fu_1346_p2" latency="0" BRAM="-1" DSP="-1" FF="0" LUT="29" fileDirectory="E:\Vivado\FPGA-Orthopoly\Lague\HLS"><\/item>
<item  id="149" filename="lague/core.cpp" linenumber="19" name="or_ln19" contextFuncName="RecurCoefLague" moduleName="lague" rtlName="or_ln19_fu_1352_p2" latency="0" BRAM="-1" DSP="-1" FF="0" LUT="2" fileDirectory="E:\Vivado\FPGA-Orthopoly\Lague\HLS"><\/item>
<item  id="150" filename="lague/core.cpp" linenumber="19" name="and_ln19" contextFuncName="RecurCoefLague" moduleName="lague" rtlName="and_ln19_fu_1358_p2" latency="0" BRAM="-1" DSP="-1" FF="0" LUT="2" fileDirectory="E:\Vivado\FPGA-Orthopoly\Lague\HLS"><\/item>
<item  id="151" filename="lague/core.cpp" linenumber="19" name="tmp_38" contextFuncName="RecurCoefLague" moduleName="lague" rtlName="lague_dcmp_64ns_6fYi_U9" latency="1" BRAM="-1" DSP="-1" FF="-1" LUT="-1" fileDirectory="E:\Vivado\FPGA-Orthopoly\Lague\HLS"><\/item>
<item  id="152" filename="lague/core.cpp" linenumber="19" name="and_ln19_1" contextFuncName="RecurCoefLague" moduleName="lague" rtlName="and_ln19_1_fu_1363_p2" latency="0" BRAM="-1" DSP="-1" FF="0" LUT="2" fileDirectory="E:\Vivado\FPGA-Orthopoly\Lague\HLS"><\/item>
<item  id="155" filename="lague/core.cpp" linenumber="22" name="tmp_35_i" contextFuncName="RecurCoefLague" moduleName="lague" rtlName="lague_ddiv_64ns_6eOg_U6" latency="30" BRAM="-1" DSP="-1" FF="-1" LUT="-1" fileDirectory="E:\Vivado\FPGA-Orthopoly\Lague\HLS"><\/item>
<item  id="156" filename="lague/core.cpp" linenumber="22" name="add_ln22" contextFuncName="RecurCoefLague" moduleName="lague" rtlName="add_ln22_fu_1369_p2" latency="0" BRAM="-1" DSP="-1" FF="0" LUT="39" fileDirectory="E:\Vivado\FPGA-Orthopoly\Lague\HLS"><\/item>
<item  id="157" filename="lague/core.cpp" linenumber="22" name="sext_ln22" contextFuncName="RecurCoefLague" moduleName="lague" rtlName="sext_ln22_fu_1375_p1" latency="0" BRAM="-1" DSP="-1" FF="-1" LUT="-1" fileDirectory="E:\Vivado\FPGA-Orthopoly\Lague\HLS"><\/item>
<item  id="160" filename="lague/core.cpp" linenumber="23" name="tmp_36_i" contextFuncName="RecurCoefLague" moduleName="lague" rtlName="lague_dmul_64ns_6dEe_U4" latency="5" BRAM="-1" DSP="-1" FF="-1" LUT="-1" fileDirectory="E:\Vivado\FPGA-Orthopoly\Lague\HLS"><\/item>
<item  id="161" filename="lague/core.cpp" linenumber="23" name="tmp_37_i" contextFuncName="RecurCoefLague" moduleName="lague" rtlName="lague_dadddsub_64bkb_U1" latency="4" BRAM="-1" DSP="-1" FF="-1" LUT="-1" fileDirectory="E:\Vivado\FPGA-Orthopoly\Lague\HLS"><\/item>
<item  id="162" filename="lague/core.cpp" linenumber="23" name="tmp_38_i" contextFuncName="RecurCoefLague" moduleName="lague" rtlName="lague_dadddsub_64bkb_U1" latency="4" BRAM="-1" DSP="-1" FF="-1" LUT="-1" fileDirectory="E:\Vivado\FPGA-Orthopoly\Lague\HLS"><\/item>
<item  id="163" filename="lague/core.cpp" linenumber="23" name="tmp_39_i" contextFuncName="RecurCoefLague" moduleName="lague" rtlName="lague_ddiv_64ns_6eOg_U7" latency="30" BRAM="-1" DSP="-1" FF="-1" LUT="-1" fileDirectory="E:\Vivado\FPGA-Orthopoly\Lague\HLS"><\/item>
<item  id="166" filename="lague/core.cpp" linenumber="24" name="tmp_40_i" contextFuncName="RecurCoefLague" moduleName="lague" rtlName="lague_dadd_64ns_6cud_U2" latency="4" BRAM="-1" DSP="-1" FF="-1" LUT="-1" fileDirectory="E:\Vivado\FPGA-Orthopoly\Lague\HLS"><\/item>
<item  id="167" filename="lague/core.cpp" linenumber="24" name="tmp_41_i" contextFuncName="RecurCoefLague" moduleName="lague" rtlName="lague_dadd_64ns_6cud_U2" latency="4" BRAM="-1" DSP="-1" FF="-1" LUT="-1" fileDirectory="E:\Vivado\FPGA-Orthopoly\Lague\HLS"><\/item>
<item  id="168" filename="lague/core.cpp" linenumber="24" name="tmp_42_i" contextFuncName="RecurCoefLague" moduleName="lague" rtlName="lague_ddiv_64ns_6eOg_U8" latency="30" BRAM="-1" DSP="-1" FF="-1" LUT="-1" fileDirectory="E:\Vivado\FPGA-Orthopoly\Lague\HLS"><\/item>
<item  id="171" filename="lague/core.cpp" linenumber="19" name="i_6" contextFuncName="RecurCoefLague" moduleName="lague" rtlName="i_6_fu_1382_p2" latency="0" BRAM="-1" DSP="-1" FF="0" LUT="39" fileDirectory="E:\Vivado\FPGA-Orthopoly\Lague\HLS"><\/item>
<item  id="174" filename="lague/core.cpp" linenumber="132" name="tmp_4" contextFuncName="lague" moduleName="lague" rtlName="lague_sitodp_32nsg8j_U10" latency="5" BRAM="-1" DSP="-1" FF="-1" LUT="-1" fileDirectory="E:\Vivado\FPGA-Orthopoly\Lague\HLS"><\/item>
<item  id="175" filename="lague/core.cpp" linenumber="135" name="sub_ln135" contextFuncName="lague" moduleName="lague" rtlName="sub_ln135_fu_1388_p2" latency="0" BRAM="-1" DSP="-1" FF="0" LUT="39" fileDirectory="E:\Vivado\FPGA-Orthopoly\Lague\HLS"><\/item>
<item  id="180" filename="lague/core.cpp" linenumber="76" name="zext_ln76" contextFuncName="lague" moduleName="lague" rtlName="zext_ln76_fu_1393_p1" latency="0" BRAM="-1" DSP="-1" FF="-1" LUT="-1" fileDirectory="E:\Vivado\FPGA-Orthopoly\Lague\HLS"><\/item>
<item  id="181" filename="lague/core.cpp" linenumber="76" name="icmp_ln76" contextFuncName="lague" moduleName="lague" rtlName="icmp_ln76_fu_1397_p2" latency="0" BRAM="-1" DSP="-1" FF="0" LUT="18" fileDirectory="E:\Vivado\FPGA-Orthopoly\Lague\HLS"><\/item>
<item  id="184" filename="lague/core.cpp" linenumber="78" name="zext_ln78" contextFuncName="lague" moduleName="lague" rtlName="zext_ln78_fu_1402_p1" latency="0" BRAM="-1" DSP="-1" FF="-1" LUT="-1" fileDirectory="E:\Vivado\FPGA-Orthopoly\Lague\HLS"><\/item>
<item  id="187" filename="lague/core.cpp" linenumber="116" name="bitcast_ln116" contextFuncName="lague" moduleName="lague" rtlName="bitcast_ln116_fu_1407_p1" latency="0" BRAM="-1" DSP="-1" FF="-1" LUT="-1" fileDirectory="E:\Vivado\FPGA-Orthopoly\Lague\HLS"><\/item>
<item  id="188" filename="lague/core.cpp" linenumber="116" name="xor_ln116" contextFuncName="lague" moduleName="lague" rtlName="xor_ln116_fu_1411_p2" latency="0" BRAM="-1" DSP="-1" FF="0" LUT="65" fileDirectory="E:\Vivado\FPGA-Orthopoly\Lague\HLS"><\/item>
<item  id="189" filename="lague/core.cpp" linenumber="116" name="bitcast_ln116_1" contextFuncName="lague" moduleName="lague" rtlName="bitcast_ln116_1_fu_1417_p1" latency="0" BRAM="-1" DSP="-1" FF="-1" LUT="-1" fileDirectory="E:\Vivado\FPGA-Orthopoly\Lague\HLS"><\/item>
<item  id="199" filename="lague/core.cpp" linenumber="97" name="zext_ln97" contextFuncName="lague" moduleName="lague" rtlName="zext_ln97_fu_1421_p1" latency="0" BRAM="-1" DSP="-1" FF="-1" LUT="-1" fileDirectory="E:\Vivado\FPGA-Orthopoly\Lague\HLS"><\/item>
<item  id="200" filename="lague/core.cpp" linenumber="97" name="icmp_ln97" contextFuncName="lague" moduleName="lague" rtlName="icmp_ln97_fu_1425_p2" latency="0" BRAM="-1" DSP="-1" FF="0" LUT="18" fileDirectory="E:\Vivado\FPGA-Orthopoly\Lague\HLS"><\/item>
<item  id="201" filename="lague/core.cpp" linenumber="103" name="i_7" contextFuncName="lague" moduleName="lague" rtlName="i_7_fu_1430_p2" latency="0" BRAM="-1" DSP="-1" FF="0" LUT="38" fileDirectory="E:\Vivado\FPGA-Orthopoly\Lague\HLS"><\/item>
<item  id="205" filename="lague/core.cpp" linenumber="98" name="ii" contextFuncName="lague" moduleName="lague" rtlName="ii_fu_1436_p2" latency="0" BRAM="-1" DSP="-1" FF="0" LUT="39" fileDirectory="E:\Vivado\FPGA-Orthopoly\Lague\HLS"><\/item>
<item  id="207" filename="lague/core.cpp" linenumber="103" name="sext_ln103" contextFuncName="lague" moduleName="lague" rtlName="sext_ln103_fu_1441_p1" latency="0" BRAM="-1" DSP="-1" FF="-1" LUT="-1" fileDirectory="E:\Vivado\FPGA-Orthopoly\Lague\HLS"><\/item>
<item  id="208" filename="lague/core.cpp" linenumber="103" name="trunc_ln103" contextFuncName="lague" moduleName="lague" rtlName="trunc_ln103_fu_1446_p1" latency="0" BRAM="-1" DSP="-1" FF="-1" LUT="-1" fileDirectory="E:\Vivado\FPGA-Orthopoly\Lague\HLS"><\/item>
<item  id="211" filename="lague/core.cpp" linenumber="103" name="tmp_6" contextFuncName="lague" moduleName="lague" rtlName="lague_dmul_64ns_6dEe_U4" latency="5" BRAM="-1" DSP="-1" FF="-1" LUT="-1" fileDirectory="E:\Vivado\FPGA-Orthopoly\Lague\HLS"><\/item>
<item  id="214" filename="lague/core.cpp" linenumber="103" name="tmp_7" contextFuncName="lague" moduleName="lague" rtlName="lague_dadddsub_64bkb_U1" latency="4" BRAM="-1" DSP="-1" FF="-1" LUT="-1" fileDirectory="E:\Vivado\FPGA-Orthopoly\Lague\HLS"><\/item>
<item  id="215" filename="lague/core.cpp" linenumber="103" name="tmp_8" contextFuncName="lague" moduleName="lague" rtlName="lague_dmul_64ns_6dEe_U4" latency="5" BRAM="-1" DSP="-1" FF="-1" LUT="-1" fileDirectory="E:\Vivado\FPGA-Orthopoly\Lague\HLS"><\/item>
<item  id="216" filename="lague/core.cpp" linenumber="103" name="add_ln103" contextFuncName="lague" moduleName="lague" rtlName="add_ln103_fu_1450_p2" latency="0" BRAM="-1" DSP="-1" FF="0" LUT="15" fileDirectory="E:\Vivado\FPGA-Orthopoly\Lague\HLS"><\/item>
<item  id="217" filename="lague/core.cpp" linenumber="103" name="sext_ln103_1" contextFuncName="lague" moduleName="lague" rtlName="sext_ln103_1_fu_1456_p1" latency="0" BRAM="-1" DSP="-1" FF="-1" LUT="-1" fileDirectory="E:\Vivado\FPGA-Orthopoly\Lague\HLS"><\/item>
<item  id="220" filename="lague/core.cpp" linenumber="103" name="tmp_9" contextFuncName="lague" moduleName="lague" rtlName="lague_dmul_64ns_6dEe_U5" latency="5" BRAM="-1" DSP="-1" FF="-1" LUT="-1" fileDirectory="E:\Vivado\FPGA-Orthopoly\Lague\HLS"><\/item>
<item  id="221" filename="lague/core.cpp" linenumber="103" name="tmp_s" contextFuncName="lague" moduleName="lague" rtlName="lague_dadddsub_64bkb_U1" latency="4" BRAM="-1" DSP="-1" FF="-1" LUT="-1" fileDirectory="E:\Vivado\FPGA-Orthopoly\Lague\HLS"><\/item>
<item  id="222" filename="lague/core.cpp" linenumber="103" name="zext_ln103" contextFuncName="lague" moduleName="lague" rtlName="zext_ln103_fu_1467_p1" latency="0" BRAM="-1" DSP="-1" FF="-1" LUT="-1" fileDirectory="E:\Vivado\FPGA-Orthopoly\Lague\HLS"><\/item>
<item  id="225" filename="lague/core.cpp" linenumber="103" name="t_val" contextFuncName="lague" moduleName="lague" rtlName="lague_dadddsub_64bkb_U1" latency="4" BRAM="-1" DSP="-1" FF="-1" LUT="-1" fileDirectory="E:\Vivado\FPGA-Orthopoly\Lague\HLS"><\/item>
<item  id="227" filename="lague/core.cpp" linenumber="112" name="icmp_ln112" contextFuncName="lague" moduleName="lague" rtlName="icmp_ln112_fu_1471_p2" latency="0" BRAM="-1" DSP="-1" FF="0" LUT="18" fileDirectory="E:\Vivado\FPGA-Orthopoly\Lague\HLS"><\/item>
<item  id="230" filename="lague/core.cpp" linenumber="114" name="j_der" contextFuncName="lague" moduleName="lague" rtlName="lague_sitodp_32nsg8j_U10" latency="5" BRAM="-1" DSP="-1" FF="-1" LUT="-1" fileDirectory="E:\Vivado\FPGA-Orthopoly\Lague\HLS"><\/item>
<item  id="231" filename="lague/core.cpp" linenumber="116" name="tmp_5" contextFuncName="lague" moduleName="lague" rtlName="lague_dadddsub_64bkb_U1" latency="4" BRAM="-1" DSP="-1" FF="-1" LUT="-1" fileDirectory="E:\Vivado\FPGA-Orthopoly\Lague\HLS"><\/item>
<item  id="232" filename="lague/core.cpp" linenumber="116" name="tmp_10" contextFuncName="lague" moduleName="lague" rtlName="lague_ddiv_64ns_6eOg_U6" latency="30" BRAM="-1" DSP="-1" FF="-1" LUT="-1" fileDirectory="E:\Vivado\FPGA-Orthopoly\Lague\HLS"><\/item>
<item  id="233" filename="lague/core.cpp" linenumber="116" name="tmp_11" contextFuncName="lague" moduleName="lague" rtlName="lague_dmul_64ns_6dEe_U4" latency="5" BRAM="-1" DSP="-1" FF="-1" LUT="-1" fileDirectory="E:\Vivado\FPGA-Orthopoly\Lague\HLS"><\/item>
<item  id="234" filename="lague/core.cpp" linenumber="116" name="tmp_12" contextFuncName="lague" moduleName="lague" rtlName="lague_dadddsub_64bkb_U1" latency="4" BRAM="-1" DSP="-1" FF="-1" LUT="-1" fileDirectory="E:\Vivado\FPGA-Orthopoly\Lague\HLS"><\/item>
<item  id="235" filename="lague/core.cpp" linenumber="116" name="tmp_13" contextFuncName="lague" moduleName="lague" rtlName="lague_dadd_64ns_6cud_U2" latency="4" BRAM="-1" DSP="-1" FF="-1" LUT="-1" fileDirectory="E:\Vivado\FPGA-Orthopoly\Lague\HLS"><\/item>
<item  id="236" filename="lague/core.cpp" linenumber="116" name="tmp_14" contextFuncName="lague" moduleName="lague" rtlName="lague_ddiv_64ns_6eOg_U7" latency="30" BRAM="-1" DSP="-1" FF="-1" LUT="-1" fileDirectory="E:\Vivado\FPGA-Orthopoly\Lague\HLS"><\/item>
<item  id="237" filename="lague/core.cpp" linenumber="116" name="A1_der" contextFuncName="lague" moduleName="lague" rtlName="lague_dadddsub_64bkb_U1" latency="4" BRAM="-1" DSP="-1" FF="-1" LUT="-1" fileDirectory="E:\Vivado\FPGA-Orthopoly\Lague\HLS"><\/item>
<item  id="238" filename="lague/core.cpp" linenumber="117" name="tmp_15" contextFuncName="lague" moduleName="lague" rtlName="lague_dadddsub_64bkb_U1" latency="4" BRAM="-1" DSP="-1" FF="-1" LUT="-1" fileDirectory="E:\Vivado\FPGA-Orthopoly\Lague\HLS"><\/item>
<item  id="239" filename="lague/core.cpp" linenumber="117" name="tmp_16" contextFuncName="lague" moduleName="lague" rtlName="lague_dadddsub_64bkb_U1" latency="4" BRAM="-1" DSP="-1" FF="-1" LUT="-1" fileDirectory="E:\Vivado\FPGA-Orthopoly\Lague\HLS"><\/item>
<item  id="240" filename="lague/core.cpp" linenumber="117" name="bitcast_ln117" contextFuncName="lague" moduleName="lague" rtlName="bitcast_ln117_fu_1477_p1" latency="0" BRAM="-1" DSP="-1" FF="-1" LUT="-1" fileDirectory="E:\Vivado\FPGA-Orthopoly\Lague\HLS"><\/item>
<item  id="241" filename="lague/core.cpp" linenumber="117" name="xor_ln117" contextFuncName="lague" moduleName="lague" rtlName="xor_ln117_fu_1481_p2" latency="0" BRAM="-1" DSP="-1" FF="0" LUT="65" fileDirectory="E:\Vivado\FPGA-Orthopoly\Lague\HLS"><\/item>
<item  id="242" filename="lague/core.cpp" linenumber="117" name="bitcast_ln117_1" contextFuncName="lague" moduleName="lague" rtlName="bitcast_ln117_1_fu_1487_p1" latency="0" BRAM="-1" DSP="-1" FF="-1" LUT="-1" fileDirectory="E:\Vivado\FPGA-Orthopoly\Lague\HLS"><\/item>
<item  id="243" filename="lague/core.cpp" linenumber="117" name="tmp_17" contextFuncName="lague" moduleName="lague" rtlName="lague_dadddsub_64bkb_U1" latency="4" BRAM="-1" DSP="-1" FF="-1" LUT="-1" fileDirectory="E:\Vivado\FPGA-Orthopoly\Lague\HLS"><\/item>
<item  id="244" filename="lague/core.cpp" linenumber="117" name="A2_der" contextFuncName="lague" moduleName="lague" rtlName="lague_ddiv_64ns_6eOg_U6" latency="30" BRAM="-1" DSP="-1" FF="-1" LUT="-1" fileDirectory="E:\Vivado\FPGA-Orthopoly\Lague\HLS"><\/item>
<item  id="245" filename="lague/core.cpp" linenumber="119" name="tmp_18" contextFuncName="lague" moduleName="lague" rtlName="lague_dmul_64ns_6dEe_U4" latency="5" BRAM="-1" DSP="-1" FF="-1" LUT="-1" fileDirectory="E:\Vivado\FPGA-Orthopoly\Lague\HLS"><\/item>
<item  id="246" filename="lague/core.cpp" linenumber="119" name="tmp_19" contextFuncName="lague" moduleName="lague" rtlName="lague_dmul_64ns_6dEe_U5" latency="5" BRAM="-1" DSP="-1" FF="-1" LUT="-1" fileDirectory="E:\Vivado\FPGA-Orthopoly\Lague\HLS"><\/item>
<item  id="247" filename="lague/core.cpp" linenumber="119" name="tmp_20" contextFuncName="lague" moduleName="lague" rtlName="lague_dadddsub_64bkb_U1" latency="4" BRAM="-1" DSP="-1" FF="-1" LUT="-1" fileDirectory="E:\Vivado\FPGA-Orthopoly\Lague\HLS"><\/item>
<item  id="248" filename="lague/core.cpp" linenumber="119" name="zext_ln119" contextFuncName="lague" moduleName="lague" rtlName="zext_ln119_fu_1491_p1" latency="0" BRAM="-1" DSP="-1" FF="-1" LUT="-1" fileDirectory="E:\Vivado\FPGA-Orthopoly\Lague\HLS"><\/item>
<item  id="251" filename="lague/core.cpp" linenumber="119" name="t_der" contextFuncName="lague" moduleName="lague" rtlName="lague_dadddsub_64bkb_U1" latency="4" BRAM="-1" DSP="-1" FF="-1" LUT="-1" fileDirectory="E:\Vivado\FPGA-Orthopoly\Lague\HLS"><\/item>
<item  id="257" filename="lague/core.cpp" linenumber="128" name="icmp_ln128" contextFuncName="lague" moduleName="lague" rtlName="icmp_ln128_fu_1496_p2" latency="0" BRAM="-1" DSP="-1" FF="0" LUT="18" fileDirectory="E:\Vivado\FPGA-Orthopoly\Lague\HLS"><\/item>
<item  id="260" filename="lague/core.cpp" linenumber="130" name="j_derk" contextFuncName="lague" moduleName="lague" rtlName="lague_sitodp_32nsg8j_U10" latency="5" BRAM="-1" DSP="-1" FF="-1" LUT="-1" fileDirectory="E:\Vivado\FPGA-Orthopoly\Lague\HLS"><\/item>
<item  id="261" filename="lague/core.cpp" linenumber="132" name="tmp_21" contextFuncName="lague" moduleName="lague" rtlName="lague_dadddsub_64bkb_U1" latency="4" BRAM="-1" DSP="-1" FF="-1" LUT="-1" fileDirectory="E:\Vivado\FPGA-Orthopoly\Lague\HLS"><\/item>
<item  id="262" filename="lague/core.cpp" linenumber="132" name="tmp_22" contextFuncName="lague" moduleName="lague" rtlName="lague_ddiv_64ns_6eOg_U6" latency="30" BRAM="-1" DSP="-1" FF="-1" LUT="-1" fileDirectory="E:\Vivado\FPGA-Orthopoly\Lague\HLS"><\/item>
<item  id="263" filename="lague/core.cpp" linenumber="132" name="tmp_23" contextFuncName="lague" moduleName="lague" rtlName="lague_dmul_64ns_6dEe_U4" latency="5" BRAM="-1" DSP="-1" FF="-1" LUT="-1" fileDirectory="E:\Vivado\FPGA-Orthopoly\Lague\HLS"><\/item>
<item  id="264" filename="lague/core.cpp" linenumber="132" name="tmp_24" contextFuncName="lague" moduleName="lague" rtlName="lague_dadddsub_64bkb_U1" latency="4" BRAM="-1" DSP="-1" FF="-1" LUT="-1" fileDirectory="E:\Vivado\FPGA-Orthopoly\Lague\HLS"><\/item>
<item  id="265" filename="lague/core.cpp" linenumber="132" name="tmp_25" contextFuncName="lague" moduleName="lague" rtlName="lague_dadddsub_64bkb_U1" latency="4" BRAM="-1" DSP="-1" FF="-1" LUT="-1" fileDirectory="E:\Vivado\FPGA-Orthopoly\Lague\HLS"><\/item>
<item  id="266" filename="lague/core.cpp" linenumber="132" name="tmp_26" contextFuncName="lague" moduleName="lague" rtlName="lague_dadd_64ns_6cud_U2" latency="4" BRAM="-1" DSP="-1" FF="-1" LUT="-1" fileDirectory="E:\Vivado\FPGA-Orthopoly\Lague\HLS"><\/item>
<item  id="267" filename="lague/core.cpp" linenumber="132" name="tmp_27" contextFuncName="lague" moduleName="lague" rtlName="lague_ddiv_64ns_6eOg_U7" latency="30" BRAM="-1" DSP="-1" FF="-1" LUT="-1" fileDirectory="E:\Vivado\FPGA-Orthopoly\Lague\HLS"><\/item>
<item  id="268" filename="lague/core.cpp" linenumber="132" name="A1_derk" contextFuncName="lague" moduleName="lague" rtlName="lague_dadddsub_64bkb_U1" latency="4" BRAM="-1" DSP="-1" FF="-1" LUT="-1" fileDirectory="E:\Vivado\FPGA-Orthopoly\Lague\HLS"><\/item>
<item  id="269" filename="lague/core.cpp" linenumber="133" name="tmp_28" contextFuncName="lague" moduleName="lague" rtlName="lague_dadd_64ns_6cud_U2" latency="4" BRAM="-1" DSP="-1" FF="-1" LUT="-1" fileDirectory="E:\Vivado\FPGA-Orthopoly\Lague\HLS"><\/item>
<item  id="270" filename="lague/core.cpp" linenumber="133" name="tmp_29" contextFuncName="lague" moduleName="lague" rtlName="lague_dadd_64ns_6cud_U2" latency="4" BRAM="-1" DSP="-1" FF="-1" LUT="-1" fileDirectory="E:\Vivado\FPGA-Orthopoly\Lague\HLS"><\/item>
<item  id="271" filename="lague/core.cpp" linenumber="133" name="tmp_30" contextFuncName="lague" moduleName="lague" rtlName="lague_dadd_64ns_6cud_U3" latency="4" BRAM="-1" DSP="-1" FF="-1" LUT="-1" fileDirectory="E:\Vivado\FPGA-Orthopoly\Lague\HLS"><\/item>
<item  id="272" filename="lague/core.cpp" linenumber="133" name="bitcast_ln133" contextFuncName="lague" moduleName="lague" rtlName="bitcast_ln133_fu_1504_p1" latency="0" BRAM="-1" DSP="-1" FF="-1" LUT="-1" fileDirectory="E:\Vivado\FPGA-Orthopoly\Lague\HLS"><\/item>
<item  id="273" filename="lague/core.cpp" linenumber="133" name="xor_ln133" contextFuncName="lague" moduleName="lague" rtlName="xor_ln133_fu_1507_p2" latency="0" BRAM="-1" DSP="-1" FF="0" LUT="65" fileDirectory="E:\Vivado\FPGA-Orthopoly\Lague\HLS"><\/item>
<item  id="274" filename="lague/core.cpp" linenumber="133" name="bitcast_ln133_1" contextFuncName="lague" moduleName="lague" rtlName="bitcast_ln133_1_fu_1513_p1" latency="0" BRAM="-1" DSP="-1" FF="-1" LUT="-1" fileDirectory="E:\Vivado\FPGA-Orthopoly\Lague\HLS"><\/item>
<item  id="275" filename="lague/core.cpp" linenumber="133" name="tmp_31" contextFuncName="lague" moduleName="lague" rtlName="lague_dadddsub_64bkb_U1" latency="4" BRAM="-1" DSP="-1" FF="-1" LUT="-1" fileDirectory="E:\Vivado\FPGA-Orthopoly\Lague\HLS"><\/item>
<item  id="276" filename="lague/core.cpp" linenumber="133" name="A2_derk" contextFuncName="lague" moduleName="lague" rtlName="lague_ddiv_64ns_6eOg_U6" latency="30" BRAM="-1" DSP="-1" FF="-1" LUT="-1" fileDirectory="E:\Vivado\FPGA-Orthopoly\Lague\HLS"><\/item>
<item  id="277" filename="lague/core.cpp" linenumber="135" name="tmp_32" contextFuncName="lague" moduleName="lague" rtlName="lague_dmul_64ns_6dEe_U4" latency="5" BRAM="-1" DSP="-1" FF="-1" LUT="-1" fileDirectory="E:\Vivado\FPGA-Orthopoly\Lague\HLS"><\/item>
<item  id="278" filename="lague/core.cpp" linenumber="135" name="tmp_33" contextFuncName="lague" moduleName="lague" rtlName="lague_dmul_64ns_6dEe_U5" latency="5" BRAM="-1" DSP="-1" FF="-1" LUT="-1" fileDirectory="E:\Vivado\FPGA-Orthopoly\Lague\HLS"><\/item>
<item  id="279" filename="lague/core.cpp" linenumber="135" name="tmp_34" contextFuncName="lague" moduleName="lague" rtlName="lague_dadddsub_64bkb_U1" latency="4" BRAM="-1" DSP="-1" FF="-1" LUT="-1" fileDirectory="E:\Vivado\FPGA-Orthopoly\Lague\HLS"><\/item>
<item  id="280" filename="lague/core.cpp" linenumber="135" name="add_ln135" contextFuncName="lague" moduleName="lague" rtlName="add_ln135_fu_1500_p2" latency="0" BRAM="-1" DSP="-1" FF="0" LUT="39" fileDirectory="E:\Vivado\FPGA-Orthopoly\Lague\HLS"><\/item>
<item  id="281" filename="lague/core.cpp" linenumber="135" name="sext_ln135" contextFuncName="lague" moduleName="lague" rtlName="sext_ln135_fu_1517_p1" latency="0" BRAM="-1" DSP="-1" FF="-1" LUT="-1" fileDirectory="E:\Vivado\FPGA-Orthopoly\Lague\HLS"><\/item>
<item  id="284" filename="lague/core.cpp" linenumber="135" name="t_derk" contextFuncName="lague" moduleName="lague" rtlName="lague_dadddsub_64bkb_U1" latency="4" BRAM="-1" DSP="-1" FF="-1" LUT="-1" fileDirectory="E:\Vivado\FPGA-Orthopoly\Lague\HLS"><\/item>
<item  id="292" filename="lague/core.cpp" linenumber="143" name="sext_ln143" contextFuncName="lague" moduleName="lague" rtlName="sext_ln143_fu_1521_p1" latency="0" BRAM="-1" DSP="-1" FF="-1" LUT="-1" fileDirectory="E:\Vivado\FPGA-Orthopoly\Lague\HLS"><\/item>
<item  id="295" filename="lague/core.cpp" linenumber="146" name="tmp_2" contextFuncName="lague" moduleName="lague" rtlName="lague_dmul_64ns_6dEe_U4" latency="5" BRAM="-1" DSP="-1" FF="-1" LUT="-1" fileDirectory="E:\Vivado\FPGA-Orthopoly\Lague\HLS"><\/item>
<item  id="296" filename="lague/core.cpp" linenumber="146" name="add_ln146" contextFuncName="lague" moduleName="lague" rtlName="add_ln146_fu_1526_p2" latency="0" BRAM="-1" DSP="-1" FF="0" LUT="39" fileDirectory="E:\Vivado\FPGA-Orthopoly\Lague\HLS"><\/item>
<item  id="297" filename="lague/core.cpp" linenumber="146" name="sext_ln146" contextFuncName="lague" moduleName="lague" rtlName="sext_ln146_fu_1532_p1" latency="0" BRAM="-1" DSP="-1" FF="-1" LUT="-1" fileDirectory="E:\Vivado\FPGA-Orthopoly\Lague\HLS"><\/item>
<item  id="300" filename="lague/core.cpp" linenumber="149" name="add_ln149" contextFuncName="lague" moduleName="lague" rtlName="add_ln149_fu_1537_p2" latency="0" BRAM="-1" DSP="-1" FF="0" LUT="39" fileDirectory="E:\Vivado\FPGA-Orthopoly\Lague\HLS"><\/item>
<item  id="301" filename="lague/core.cpp" linenumber="149" name="sext_ln149" contextFuncName="lague" moduleName="lague" rtlName="sext_ln149_fu_1543_p1" latency="0" BRAM="-1" DSP="-1" FF="-1" LUT="-1" fileDirectory="E:\Vivado\FPGA-Orthopoly\Lague\HLS"><\/item>
<item  id="304" filename="lague/core.cpp" linenumber="76" name="i_x" contextFuncName="lague" moduleName="lague" rtlName="i_x_fu_1461_p2" latency="0" BRAM="-1" DSP="-1" FF="0" LUT="38" fileDirectory="E:\Vivado\FPGA-Orthopoly\Lague\HLS"><\/item>
<item  id="305" filename="lague/core.cpp" linenumber="76" name="res" contextFuncName="lague" moduleName="lague" rtlName="res_fu_1548_p2" latency="0" BRAM="-1" DSP="-1" FF="0" LUT="39" fileDirectory="E:\Vivado\FPGA-Orthopoly\Lague\HLS"><\/item>
<item  id="316" filename="lague/core.cpp" linenumber="54" name="icmp_ln54" contextFuncName="lague" moduleName="lague" rtlName="icmp_ln54_fu_1554_p2" latency="0" BRAM="-1" DSP="-1" FF="0" LUT="18" fileDirectory="E:\Vivado\FPGA-Orthopoly\Lague\HLS"><\/item>
<item  id="317" filename="lague/core.cpp" linenumber="54" name="i_4" contextFuncName="lague" moduleName="lague" rtlName="i_4_fu_1559_p2" latency="0" BRAM="-1" DSP="-1" FF="0" LUT="39" fileDirectory="E:\Vivado\FPGA-Orthopoly\Lague\HLS"><\/item>
<item  id="320" filename="lague/core.cpp" linenumber="55" name="sext_ln55" contextFuncName="lague" moduleName="lague" rtlName="sext_ln55_fu_1565_p1" latency="0" BRAM="-1" DSP="-1" FF="-1" LUT="-1" fileDirectory="E:\Vivado\FPGA-Orthopoly\Lague\HLS"><\/item>
<item  id="334" filename="lague/core.cpp" linenumber="50" name="icmp_ln50" contextFuncName="lague" moduleName="lague" rtlName="icmp_ln50_fu_1570_p2" latency="0" BRAM="-1" DSP="-1" FF="0" LUT="18" fileDirectory="E:\Vivado\FPGA-Orthopoly\Lague\HLS"><\/item>
<item  id="335" filename="lague/core.cpp" linenumber="50" name="i_2" contextFuncName="lague" moduleName="lague" rtlName="i_2_fu_1575_p2" latency="0" BRAM="-1" DSP="-1" FF="0" LUT="39" fileDirectory="E:\Vivado\FPGA-Orthopoly\Lague\HLS"><\/item>
<item  id="338" filename="lague/core.cpp" linenumber="51" name="sext_ln51" contextFuncName="lague" moduleName="lague" rtlName="sext_ln51_fu_1581_p1" latency="0" BRAM="-1" DSP="-1" FF="-1" LUT="-1" fileDirectory="E:\Vivado\FPGA-Orthopoly\Lague\HLS"><\/item>
<item  id="349" filename="lague/core.cpp" linenumber="42" name="tmp_1" contextFuncName="lague" moduleName="lague" rtlName="lague_sitodp_32nsg8j_U10" latency="5" BRAM="-1" DSP="-1" FF="-1" LUT="-1" fileDirectory="E:\Vivado\FPGA-Orthopoly\Lague\HLS"><\/item>
<item  id="359" filename="lague/core.cpp" linenumber="46" name="add_ln46" contextFuncName="lague" moduleName="lague" rtlName="add_ln46_fu_1586_p2" latency="0" BRAM="-1" DSP="-1" FF="0" LUT="39" fileDirectory="E:\Vivado\FPGA-Orthopoly\Lague\HLS"><\/item>
<item  id="363" filename="lague/core.cpp" linenumber="46" name="zext_ln46" contextFuncName="lague" moduleName="lague" rtlName="zext_ln46_fu_1591_p1" latency="0" BRAM="-1" DSP="-1" FF="-1" LUT="-1" fileDirectory="E:\Vivado\FPGA-Orthopoly\Lague\HLS"><\/item>
<item  id="364" filename="lague/core.cpp" linenumber="46" name="icmp_ln46" contextFuncName="lague" moduleName="lague" rtlName="icmp_ln46_fu_1595_p2" latency="0" BRAM="-1" DSP="-1" FF="0" LUT="18" fileDirectory="E:\Vivado\FPGA-Orthopoly\Lague\HLS"><\/item>
<item  id="367" filename="lague/core.cpp" linenumber="47" name="zext_ln47" contextFuncName="lague" moduleName="lague" rtlName="zext_ln47_fu_1600_p1" latency="0" BRAM="-1" DSP="-1" FF="-1" LUT="-1" fileDirectory="E:\Vivado\FPGA-Orthopoly\Lague\HLS"><\/item>
<item  id="370" filename="lague/core.cpp" linenumber="47" name="i_1" contextFuncName="lague" moduleName="lague" rtlName="i_1_fu_1605_p2" latency="0" BRAM="-1" DSP="-1" FF="0" LUT="38" fileDirectory="E:\Vivado\FPGA-Orthopoly\Lague\HLS"><\/item>
<item  id="371" filename="lague/core.cpp" linenumber="47" name="zext_ln47_1" contextFuncName="lague" moduleName="lague" rtlName="zext_ln47_1_fu_1611_p1" latency="0" BRAM="-1" DSP="-1" FF="-1" LUT="-1" fileDirectory="E:\Vivado\FPGA-Orthopoly\Lague\HLS"><\/item>
<item  id="380" filename="lague/core.cpp" linenumber="37" name="tmp" contextFuncName="lague" moduleName="lague" rtlName="lague_sitodp_32nsg8j_U10" latency="5" BRAM="-1" DSP="-1" FF="-1" LUT="-1" fileDirectory="E:\Vivado\FPGA-Orthopoly\Lague\HLS"><\/item>
<item  id="385" filename="lague/core.cpp" linenumber="38" name="zext_ln38" contextFuncName="lague" moduleName="lague" rtlName="zext_ln38_fu_1616_p1" latency="0" BRAM="-1" DSP="-1" FF="-1" LUT="-1" fileDirectory="E:\Vivado\FPGA-Orthopoly\Lague\HLS"><\/item>
<item  id="386" filename="lague/core.cpp" linenumber="38" name="icmp_ln38" contextFuncName="lague" moduleName="lague" rtlName="icmp_ln38_fu_1620_p2" latency="0" BRAM="-1" DSP="-1" FF="0" LUT="18" fileDirectory="E:\Vivado\FPGA-Orthopoly\Lague\HLS"><\/item>
<item  id="387" filename="lague/core.cpp" linenumber="39" name="i" contextFuncName="lague" moduleName="lague" rtlName="i_fu_1625_p2" latency="0" BRAM="-1" DSP="-1" FF="0" LUT="38" fileDirectory="E:\Vivado\FPGA-Orthopoly\Lague\HLS"><\/item>
<item  id="390" filename="lague/core.cpp" linenumber="39" name="zext_ln39" contextFuncName="lague" moduleName="lague" rtlName="zext_ln39_fu_1631_p1" latency="0" BRAM="-1" DSP="-1" FF="-1" LUT="-1" fileDirectory="E:\Vivado\FPGA-Orthopoly\Lague\HLS"><\/item>
<item  id="393" filename="lague/core.cpp" linenumber="39" name="zext_ln39_1" contextFuncName="lague" moduleName="lague" rtlName="zext_ln39_1_fu_1636_p1" latency="0" BRAM="-1" DSP="-1" FF="-1" LUT="-1" fileDirectory="E:\Vivado\FPGA-Orthopoly\Lague\HLS"><\/item>
<\/annotationInfo>
</annotationInfo>
