<profile>

<section name = "Vivado HLS Report for 'lague'" level="0">
<item name = "Date">Thu May  7 05:11:24 2020
</item>
<item name = "Version">2019.1 (Build 2552052 on Fri May 24 15:28:33 MDT 2019)</item>
<item name = "Project">lague</item>
<item name = "Solution">solution1</item>
<item name = "Product family">zynq</item>
<item name = "Target device">xc7z020-clg400-1</item>
</section>

<section name = "Performance Estimates" level="0">
<item name = "Timing (ns)">
<section name = "" level="1">
<item name = "Summary"><table name="" hasTotal="0">
<keys size="4">Clock, Target, Estimated, Uncertainty</keys>
<column name="ap_clk">10.00, 10.437, 1.25</column>
</table>
</item>
</section>
</item>
<item name = "Latency (clock cycles)">
<section name = "" level="1">
<item name = "Summary"><table name="" hasTotal="0">
<keys size="6">, min, max, min, max, Type</keys>
<column name="">?, ?, ?, ?, none</column>
</table>
</item>
<item name = "Detail">
<section name = "" level="1">
<item name = "Instance"><table name="" hasTotal="0">
<keys size="7">Instance, Module, min, max, min, max, Type</keys>
</table>
</item>
<item name = "Loop"><table name="" hasTotal="0">
<keys size="8">Loop Name, min, max, Latency, achieved, target, Count, Pipelined</keys>
<column name="- Loop 1">?, ?, 2, -, -, ?, no</column>
<column name="- Loop 2">?, ?, 2, -, -, ?, no</column>
<column name="- Loop 3">?, ?, 2, -, -, ?, no</column>
<column name="- Loop 4">?, ?, 2, -, -, ?, no</column>
<column name="- Loop 5">?, ?, 1, -, -, ?, no</column>
<column name="- Loop 6">?, ?, 55, -, -, ?, no</column>
<column name="- Loop 7">?, ?, ?, -, -, ?, no</column>
<column name=" + Loop 7.1">?, ?, 31 ~ 182, -, -, ?, no</column>
</table>
</item>
</section>
</item>
</section>
</item>
</section>
</profile>
