<profile>

<section name = "Vivado HLS Report for 'lague'" level="0">
<item name = "Date">Thu May  7 05:11:26 2020
</item>
<item name = "Version">2019.1 (Build 2552052 on Fri May 24 15:28:33 MDT 2019)</item>
<item name = "Project">lague</item>
<item name = "Solution">solution1</item>
<item name = "Product family">zynq</item>
<item name = "Target device">xc7z020-clg400-1</item>
</section>

<section name = "Performance Estimates" level="0">
<item name = "Timing (ns)">
<section name = "" level="1">
<item name = "Summary"><table name="" hasTotal="0">
<keys size="4">Clock, Target, Estimated, Uncertainty</keys>
<column name="ap_clk">10.00, 10.437, 1.25</column>
</table>
</item>
</section>
</item>
<item name = "Latency (clock cycles)">
<section name = "" level="1">
<item name = "Summary"><table name="" hasTotal="0">
<keys size="6">, min, max, min, max, Type</keys>
<column name="">?, ?, ?, ?, none</column>
</table>
</item>
<item name = "Detail">
<section name = "" level="1">
<item name = "Instance"><table name="" hasTotal="0">
<keys size="7">Instance, Module, min, max, min, max, Type</keys>
</table>
</item>
<item name = "Loop"><table name="" hasTotal="0">
<keys size="8">Loop Name, min, max, Latency, achieved, target, Count, Pipelined</keys>
<column name="- Loop 1">?, ?, 2, -, -, ?, no</column>
<column name="- Loop 2">?, ?, 2, -, -, ?, no</column>
<column name="- Loop 3">?, ?, 2, -, -, ?, no</column>
<column name="- Loop 4">?, ?, 2, -, -, ?, no</column>
<column name="- Loop 5">?, ?, 1, -, -, ?, no</column>
<column name="- Loop 6">?, ?, 55, -, -, ?, no</column>
<column name="- Loop 7">?, ?, ?, -, -, ?, no</column>
<column name=" + Loop 7.1">?, ?, 31 ~ 182, -, -, ?, no</column>
</table>
</item>
</section>
</item>
</section>
</item>
</section>

<section name = "Utilization Estimates" level="0">
<item name = "Summary"><table name="" hasTotal="1">
<keys size="6">Name, BRAM_18K, DSP48E, FF, LUT, URAM</keys>
<column name="DSP">-, -, -, -, -</column>
<column name="Expression">-, -, 0, 3645, -</column>
<column name="FIFO">-, -, -, -, -</column>
<column name="Instance">0, 31, 12288, 16923, -</column>
<column name="Memory">12, -, 0, 0, 0</column>
<column name="Multiplexer">-, -, -, 2189, -</column>
<column name="Register">-, -, 3618, -, -</column>
<specialColumn name="Available">280, 220, 106400, 53200, 0</specialColumn>
<specialColumn name="Utilization (%)">4, 14, 14, 42, 0</specialColumn>
</table>
</item>
<item name = "Detail">
<section name = "" level="1">
<item name = "Instance"><table name="" hasTotal="1">
<keys size="7">Instance, Module, BRAM_18K, DSP48E, FF, LUT, URAM</keys>
<column name="lague_CRTL_BUS_s_axi_U">lague_CRTL_BUS_s_axi, 0, 0, 144, 232, 0</column>
<column name="lague_dadd_64ns_6cud_U2">lague_dadd_64ns_6cud, 0, 3, 445, 1149, 0</column>
<column name="lague_dadd_64ns_6cud_U3">lague_dadd_64ns_6cud, 0, 3, 445, 1149, 0</column>
<column name="lague_dadddsub_64bkb_U1">lague_dadddsub_64bkb, 0, 3, 445, 1149, 0</column>
<column name="lague_dcmp_64ns_6fYi_U9">lague_dcmp_64ns_6fYi, 0, 0, 130, 469, 0</column>
<column name="lague_ddiv_64ns_6eOg_U6">lague_ddiv_64ns_6eOg, 0, 0, 3211, 3658, 0</column>
<column name="lague_ddiv_64ns_6eOg_U7">lague_ddiv_64ns_6eOg, 0, 0, 3211, 3658, 0</column>
<column name="lague_ddiv_64ns_6eOg_U8">lague_ddiv_64ns_6eOg, 0, 0, 3211, 3658, 0</column>
<column name="lague_dmul_64ns_6dEe_U4">lague_dmul_64ns_6dEe, 0, 11, 317, 578, 0</column>
<column name="lague_dmul_64ns_6dEe_U5">lague_dmul_64ns_6dEe, 0, 11, 317, 578, 0</column>
<column name="lague_sitodp_32nsg8j_U10">lague_sitodp_32nsg8j, 0, 0, 412, 645, 0</column>
</table>
</item>
<item name = "DSP48E"><table name="" hasTotal="0">
<keys size="3">Instance, Module, Expression</keys>
</table>
</item>
<item name = "Memory"><table name="" hasTotal="1">
<keys size="10">Memory, Module, BRAM_18K, FF, LUT, URAM, Words, Bits, Banks, W*Bits*Banks</keys>
<column name="P_U">lague_P, 2, 0, 0, 0, 200, 64, 1, 12800</column>
<column name="A_val_U">lague_P, 2, 0, 0, 0, 200, 64, 1, 12800</column>
<column name="B_val_U">lague_P, 2, 0, 0, 0, 200, 64, 1, 12800</column>
<column name="C_val_U">lague_P, 2, 0, 0, 0, 200, 64, 1, 12800</column>
<column name="X_U">lague_X, 4, 0, 0, 0, 200, 64, 1, 12800</column>
</table>
</item>
<item name = "FIFO"><table name="" hasTotal="1">
<keys size="8">Name, BRAM_18K, FF, LUT, URAM, Depth, Bits, Size:D*B</keys>
</table>
</item>
<item name = "Expression"><table name="" hasTotal="1">
<keys size="7">Variable Name, Operation, DSP48E, FF, LUT, Bitwidth P0, Bitwidth P1</keys>
<column name="add_ln103_fu_1450_p2">+, 0, 0, 15, 1, 9</column>
<column name="add_ln135_fu_1500_p2">+, 0, 0, 39, 32, 32</column>
<column name="add_ln146_fu_1526_p2">+, 0, 0, 39, 32, 1</column>
<column name="add_ln149_fu_1537_p2">+, 0, 0, 39, 32, 2</column>
<column name="add_ln22_fu_1369_p2">+, 0, 0, 39, 32, 2</column>
<column name="add_ln46_fu_1586_p2">+, 0, 0, 39, 32, 2</column>
<column name="add_ln502_1_fu_925_p2">+, 0, 0, 12, 11, 12</column>
<column name="add_ln502_2_fu_1055_p2">+, 0, 0, 12, 11, 12</column>
<column name="add_ln502_fu_857_p2">+, 0, 0, 12, 11, 12</column>
<column name="add_ln74_fu_1281_p2">+, 0, 0, 39, 2, 32</column>
<column name="i_1_fu_1605_p2">+, 0, 0, 38, 31, 1</column>
<column name="i_2_fu_1575_p2">+, 0, 0, 39, 32, 1</column>
<column name="i_4_fu_1559_p2">+, 0, 0, 39, 32, 1</column>
<column name="i_5_fu_1275_p2">+, 0, 0, 39, 32, 2</column>
<column name="i_6_fu_1382_p2">+, 0, 0, 39, 32, 1</column>
<column name="i_7_fu_1430_p2">+, 0, 0, 38, 31, 1</column>
<column name="i_fu_1625_p2">+, 0, 0, 38, 31, 1</column>
<column name="i_x_fu_1461_p2">+, 0, 0, 38, 31, 1</column>
<column name="l_fu_1249_p2">+, 0, 0, 39, 2, 32</column>
<column name="res_fu_1548_p2">+, 0, 0, 39, 32, 2</column>
<column name="ii_fu_1436_p2">-, 0, 0, 39, 32, 32</column>
<column name="result_V_1_fu_1206_p2">-, 0, 0, 39, 1, 32</column>
<column name="result_V_3_fu_1226_p2">-, 0, 0, 39, 1, 32</column>
<column name="result_V_5_fu_1238_p2">-, 0, 0, 39, 1, 32</column>
<column name="sub_ln1311_1_fu_939_p2">-, 0, 0, 13, 10, 11</column>
<column name="sub_ln1311_2_fu_1069_p2">-, 0, 0, 13, 10, 11</column>
<column name="sub_ln1311_fu_871_p2">-, 0, 0, 13, 10, 11</column>
<column name="sub_ln135_fu_1388_p2">-, 0, 0, 39, 1, 32</column>
<column name="and_ln19_1_fu_1363_p2">and, 0, 0, 2, 1, 1</column>
<column name="and_ln19_fu_1358_p2">and, 0, 0, 2, 1, 1</column>
<column name="icmp_ln112_fu_1471_p2">icmp, 0, 0, 18, 31, 1</column>
<column name="icmp_ln128_fu_1496_p2">icmp, 0, 0, 18, 32, 32</column>
<column name="icmp_ln19_1_fu_1346_p2">icmp, 0, 0, 29, 52, 1</column>
<column name="icmp_ln19_2_fu_1304_p2">icmp, 0, 0, 13, 11, 2</column>
<column name="icmp_ln19_3_fu_1310_p2">icmp, 0, 0, 29, 52, 1</column>
<column name="icmp_ln19_fu_1340_p2">icmp, 0, 0, 13, 11, 2</column>
<column name="icmp_ln36_fu_797_p2">icmp, 0, 0, 18, 32, 1</column>
<column name="icmp_ln38_fu_1620_p2">icmp, 0, 0, 18, 32, 32</column>
<column name="icmp_ln41_fu_803_p2">icmp, 0, 0, 18, 32, 1</column>
<column name="icmp_ln46_fu_1595_p2">icmp, 0, 0, 18, 32, 32</column>
<column name="icmp_ln49_fu_809_p2">icmp, 0, 0, 18, 32, 2</column>
<column name="icmp_ln50_fu_1570_p2">icmp, 0, 0, 18, 32, 32</column>
<column name="icmp_ln53_fu_815_p2">icmp, 0, 0, 18, 32, 2</column>
<column name="icmp_ln54_fu_1554_p2">icmp, 0, 0, 18, 32, 32</column>
<column name="icmp_ln57_fu_821_p2">icmp, 0, 0, 18, 32, 3</column>
<column name="icmp_ln70_fu_1255_p2">icmp, 0, 0, 18, 32, 1</column>
<column name="icmp_ln76_fu_1397_p2">icmp, 0, 0, 18, 32, 32</column>
<column name="icmp_ln97_fu_1425_p2">icmp, 0, 0, 18, 32, 32</column>
<column name="r_V_2_fu_969_p2">lshr, 0, 0, 162, 54, 54</column>
<column name="r_V_4_fu_1099_p2">lshr, 0, 0, 162, 54, 54</column>
<column name="r_V_fu_1165_p2">lshr, 0, 0, 162, 54, 54</column>
<column name="or_ln19_1_fu_1316_p2">or, 0, 0, 2, 1, 1</column>
<column name="or_ln19_fu_1352_p2">or, 0, 0, 2, 1, 1</column>
<column name="p_Val2_15_fu_1199_p3">select, 0, 0, 32, 1, 32</column>
<column name="p_Val2_16_fu_1212_p3">select, 0, 0, 32, 1, 32</column>
<column name="p_Val2_17_fu_1003_p3">select, 0, 0, 32, 1, 32</column>
<column name="p_Val2_18_fu_1231_p3">select, 0, 0, 32, 1, 32</column>
<column name="p_Val2_19_fu_1133_p3">select, 0, 0, 32, 1, 32</column>
<column name="p_Val2_20_fu_1243_p3">select, 0, 0, 32, 1, 32</column>
<column name="ush_1_fu_949_p3">select, 0, 0, 12, 1, 12</column>
<column name="ush_2_fu_1079_p3">select, 0, 0, 12, 1, 12</column>
<column name="ush_fu_881_p3">select, 0, 0, 12, 1, 12</column>
<column name="r_V_1_fu_1171_p2">shl, 0, 0, 474, 137, 137</column>
<column name="r_V_3_fu_975_p2">shl, 0, 0, 474, 137, 137</column>
<column name="r_V_5_fu_1105_p2">shl, 0, 0, 474, 137, 137</column>
<column name="xor_ln116_fu_1411_p2">xor, 0, 0, 65, 64, 65</column>
<column name="xor_ln117_fu_1481_p2">xor, 0, 0, 65, 64, 65</column>
<column name="xor_ln133_fu_1507_p2">xor, 0, 0, 65, 64, 65</column>
<column name="xor_ln71_fu_1265_p2">xor, 0, 0, 65, 64, 65</column>
</table>
</item>
<item name = "Multiplexer"><table name="" hasTotal="1">
<keys size="5">Name, LUT, Input Size, Bits, Total Bits</keys>
<column name="A_val_address0">15, 3, 8, 24</column>
<column name="B_val_address0">15, 3, 8, 24</column>
<column name="C_der_0_reg_396">9, 2, 64, 128</column>
<column name="C_val_address0">15, 3, 8, 24</column>
<column name="P_address0">38, 7, 8, 56</column>
<column name="P_d0">15, 3, 64, 192</column>
<column name="X_address0">27, 5, 8, 40</column>
<column name="X_address1">27, 5, 8, 40</column>
<column name="X_d1">15, 3, 64, 192</column>
<column name="ap_NS_fsm">1297, 288, 1, 288</column>
<column name="ap_phi_mux_b1_derk_1_phi_fu_569_p4">9, 2, 64, 128</column>
<column name="ap_phi_mux_b2_derk_1_phi_fu_581_p4">9, 2, 64, 128</column>
<column name="b1_der_1_reg_540">9, 2, 64, 128</column>
<column name="b1_derk_1_reg_565">9, 2, 64, 128</column>
<column name="b2_der_0_reg_491">9, 2, 64, 128</column>
<column name="b2_der_1_reg_552">9, 2, 64, 128</column>
<column name="b2_der_reg_479">9, 2, 64, 128</column>
<column name="b2_derk_0_reg_516">9, 2, 64, 128</column>
<column name="b2_derk_1_reg_577">9, 2, 64, 128</column>
<column name="b2_derk_reg_503">9, 2, 64, 128</column>
<column name="b2_val_0_reg_466">9, 2, 64, 128</column>
<column name="b2_val_reg_453">9, 2, 64, 128</column>
<column name="grp_fu_635_opcode">15, 3, 2, 6</column>
<column name="grp_fu_635_p0">41, 8, 64, 512</column>
<column name="grp_fu_635_p1">47, 10, 64, 640</column>
<column name="grp_fu_640_p0">33, 6, 64, 384</column>
<column name="grp_fu_640_p1">33, 6, 64, 384</column>
<column name="grp_fu_654_p0">41, 8, 64, 512</column>
<column name="grp_fu_654_p1">38, 7, 64, 448</column>
<column name="grp_fu_661_p0">21, 4, 64, 256</column>
<column name="grp_fu_661_p1">21, 4, 64, 256</column>
<column name="grp_fu_671_p0">27, 5, 64, 320</column>
<column name="grp_fu_671_p1">27, 5, 64, 320</column>
<column name="grp_fu_676_p0">15, 3, 64, 192</column>
<column name="grp_fu_676_p1">21, 4, 64, 256</column>
<column name="grp_fu_688_p0">33, 6, 32, 192</column>
<column name="i1_0_reg_612">9, 2, 31, 62</column>
<column name="i2_0_reg_601">9, 2, 32, 64</column>
<column name="i3_0_reg_590">9, 2, 32, 64</column>
<column name="i4_0_reg_408">9, 2, 32, 64</column>
<column name="i5_0_reg_528">9, 2, 31, 62</column>
<column name="i_0_i_reg_417">9, 2, 32, 64</column>
<column name="i_0_reg_624">9, 2, 31, 62</column>
<column name="i_x_0_reg_441">9, 2, 31, 62</column>
<column name="inp_Addr_A_orig">15, 3, 32, 96</column>
<column name="inp_WEN_A">9, 2, 8, 16</column>
<column name="inx_Addr_A_orig">33, 6, 32, 192</column>
<column name="inx_WEN_A">9, 2, 8, 16</column>
<column name="out_r_Addr_A_orig">15, 3, 32, 96</column>
<column name="out_r_Din_A">15, 3, 64, 192</column>
<column name="out_r_WEN_A">9, 2, 8, 16</column>
<column name="out_r_WEN_B">9, 2, 8, 16</column>
<column name="res_0_reg_429">9, 2, 32, 64</column>
</table>
</item>
<item name = "Register"><table name="" hasTotal="1">
<keys size="5">Name, FF, LUT, Bits, Const Bits</keys>
<column name="A2_derk_reg_1898">64, 0, 64, 0</column>
<column name="A_val_load_reg_1830">64, 0, 64, 0</column>
<column name="B_val_load_reg_1845">64, 0, 64, 0</column>
<column name="C_der_0_reg_396">64, 0, 64, 0</column>
<column name="C_val_load_reg_1835">64, 0, 64, 0</column>
<column name="add_ln135_reg_1878">32, 0, 32, 0</column>
<column name="add_ln46_reg_1959">32, 0, 32, 0</column>
<column name="add_ln74_reg_1748">32, 0, 32, 0</column>
<column name="ap_CS_fsm">287, 0, 287, 0</column>
<column name="b1_der_1_reg_540">64, 0, 64, 0</column>
<column name="b1_derk_1_reg_565">64, 0, 64, 0</column>
<column name="b2_der_0_reg_491">64, 0, 64, 0</column>
<column name="b2_der_1_reg_552">64, 0, 64, 0</column>
<column name="b2_der_reg_479">64, 0, 64, 0</column>
<column name="b2_derk_0_reg_516">64, 0, 64, 0</column>
<column name="b2_derk_1_reg_577">64, 0, 64, 0</column>
<column name="b2_derk_reg_503">64, 0, 64, 0</column>
<column name="b2_val_0_reg_466">64, 0, 64, 0</column>
<column name="b2_val_reg_453">64, 0, 64, 0</column>
<column name="bitcast_ln116_1_reg_1785">64, 0, 64, 0</column>
<column name="i1_0_reg_612">31, 0, 31, 0</column>
<column name="i2_0_reg_601">32, 0, 32, 0</column>
<column name="i3_0_reg_590">32, 0, 32, 0</column>
<column name="i4_0_reg_408">32, 0, 32, 0</column>
<column name="i5_0_reg_528">31, 0, 31, 0</column>
<column name="i_0_i_reg_417">32, 0, 32, 0</column>
<column name="i_0_reg_624">31, 0, 31, 0</column>
<column name="i_2_reg_1934">32, 0, 32, 0</column>
<column name="i_4_reg_1916">32, 0, 32, 0</column>
<column name="i_7_reg_1799">31, 0, 31, 0</column>
<column name="i_reg_1980">31, 0, 31, 0</column>
<column name="i_x_0_reg_441">31, 0, 31, 0</column>
<column name="i_x_reg_1825">31, 0, 31, 0</column>
<column name="icmp_ln112_reg_1855">1, 0, 1, 0</column>
<column name="icmp_ln128_reg_1874">1, 0, 1, 0</column>
<column name="icmp_ln36_reg_1654">1, 0, 1, 0</column>
<column name="icmp_ln41_reg_1658">1, 0, 1, 0</column>
<column name="icmp_ln49_reg_1662">1, 0, 1, 0</column>
<column name="icmp_ln53_reg_1666">1, 0, 1, 0</column>
<column name="icmp_ln57_reg_1670">1, 0, 1, 0</column>
<column name="ii_reg_1805">32, 0, 32, 0</column>
<column name="isNeg_reg_1684">1, 0, 1, 0</column>
<column name="l_reg_1730">32, 0, 32, 0</column>
<column name="or_ln19_1_reg_1754">1, 0, 1, 0</column>
<column name="p_Result_2_reg_1705">1, 0, 1, 0</column>
<column name="p_Result_s_reg_1674">1, 0, 1, 0</column>
<column name="p_Val2_16_reg_1716">32, 0, 32, 0</column>
<column name="p_Val2_17_reg_1699">32, 0, 32, 0</column>
<column name="p_Val2_19_reg_1710">32, 0, 32, 0</column>
<column name="p_Val2_20_reg_1722">32, 0, 32, 0</column>
<column name="p_Val2_5_reg_1694">64, 0, 64, 0</column>
<column name="reg_693">64, 0, 64, 0</column>
<column name="reg_699">64, 0, 64, 0</column>
<column name="reg_704">64, 0, 64, 0</column>
<column name="reg_719">64, 0, 64, 0</column>
<column name="reg_727">64, 0, 64, 0</column>
<column name="reg_733">64, 0, 64, 0</column>
<column name="reg_744">64, 0, 64, 0</column>
<column name="reg_752">64, 0, 64, 0</column>
<column name="reg_759">64, 0, 64, 0</column>
<column name="reg_765">64, 0, 64, 0</column>
<column name="reg_770">64, 0, 64, 0</column>
<column name="reg_775">64, 0, 64, 0</column>
<column name="reg_782">64, 0, 64, 0</column>
<column name="reg_791">64, 0, 64, 0</column>
<column name="res_0_reg_429">32, 0, 32, 0</column>
<column name="sext_ln103_reg_1810">64, 0, 64, 0</column>
<column name="sext_ln51_reg_1939">64, 0, 64, 0</column>
<column name="sext_ln55_reg_1921">64, 0, 64, 0</column>
<column name="size_read_reg_1640">32, 0, 32, 0</column>
<column name="sub_ln135_reg_1772">32, 0, 32, 0</column>
<column name="tmp_30_reg_1883">64, 0, 64, 0</column>
<column name="tmp_42_i_reg_1762">64, 0, 64, 0</column>
<column name="tmp_V_1_reg_1679">52, 0, 52, 0</column>
<column name="ush_reg_1689">12, 0, 12, 0</column>
<column name="xor_ln117_reg_1859">64, 0, 64, 0</column>
<column name="xor_ln133_reg_1888">64, 0, 64, 0</column>
<column name="zext_ln97_reg_1790">31, 0, 32, 1</column>
</table>
</item>
</section>
</item>
</section>

<section name = "Interface" level="0">
<item name = "Summary"><table name="" hasTotal="0">
<keys size="6">RTL Ports, Dir, Bits, Protocol, Source Object, C Type</keys>
<column name="s_axi_CRTL_BUS_AWVALID">in, 1, s_axi, CRTL_BUS, scalar</column>
<column name="s_axi_CRTL_BUS_AWREADY">out, 1, s_axi, CRTL_BUS, scalar</column>
<column name="s_axi_CRTL_BUS_AWADDR">in, 6, s_axi, CRTL_BUS, scalar</column>
<column name="s_axi_CRTL_BUS_WVALID">in, 1, s_axi, CRTL_BUS, scalar</column>
<column name="s_axi_CRTL_BUS_WREADY">out, 1, s_axi, CRTL_BUS, scalar</column>
<column name="s_axi_CRTL_BUS_WDATA">in, 32, s_axi, CRTL_BUS, scalar</column>
<column name="s_axi_CRTL_BUS_WSTRB">in, 4, s_axi, CRTL_BUS, scalar</column>
<column name="s_axi_CRTL_BUS_ARVALID">in, 1, s_axi, CRTL_BUS, scalar</column>
<column name="s_axi_CRTL_BUS_ARREADY">out, 1, s_axi, CRTL_BUS, scalar</column>
<column name="s_axi_CRTL_BUS_ARADDR">in, 6, s_axi, CRTL_BUS, scalar</column>
<column name="s_axi_CRTL_BUS_RVALID">out, 1, s_axi, CRTL_BUS, scalar</column>
<column name="s_axi_CRTL_BUS_RREADY">in, 1, s_axi, CRTL_BUS, scalar</column>
<column name="s_axi_CRTL_BUS_RDATA">out, 32, s_axi, CRTL_BUS, scalar</column>
<column name="s_axi_CRTL_BUS_RRESP">out, 2, s_axi, CRTL_BUS, scalar</column>
<column name="s_axi_CRTL_BUS_BVALID">out, 1, s_axi, CRTL_BUS, scalar</column>
<column name="s_axi_CRTL_BUS_BREADY">in, 1, s_axi, CRTL_BUS, scalar</column>
<column name="s_axi_CRTL_BUS_BRESP">out, 2, s_axi, CRTL_BUS, scalar</column>
<column name="ap_clk">in, 1, ap_ctrl_hs, lague, return value</column>
<column name="ap_rst_n">in, 1, ap_ctrl_hs, lague, return value</column>
<column name="interrupt">out, 1, ap_ctrl_hs, lague, return value</column>
<column name="inx_Addr_A">out, 32, bram, inx, array</column>
<column name="inx_EN_A">out, 1, bram, inx, array</column>
<column name="inx_WEN_A">out, 8, bram, inx, array</column>
<column name="inx_Din_A">out, 64, bram, inx, array</column>
<column name="inx_Dout_A">in, 64, bram, inx, array</column>
<column name="inx_Clk_A">out, 1, bram, inx, array</column>
<column name="inx_Rst_A">out, 1, bram, inx, array</column>
<column name="inp_Addr_A">out, 32, bram, inp, array</column>
<column name="inp_EN_A">out, 1, bram, inp, array</column>
<column name="inp_WEN_A">out, 8, bram, inp, array</column>
<column name="inp_Din_A">out, 64, bram, inp, array</column>
<column name="inp_Dout_A">in, 64, bram, inp, array</column>
<column name="inp_Clk_A">out, 1, bram, inp, array</column>
<column name="inp_Rst_A">out, 1, bram, inp, array</column>
<column name="out_r_Addr_A">out, 32, bram, out_r, array</column>
<column name="out_r_EN_A">out, 1, bram, out_r, array</column>
<column name="out_r_WEN_A">out, 8, bram, out_r, array</column>
<column name="out_r_Din_A">out, 64, bram, out_r, array</column>
<column name="out_r_Dout_A">in, 64, bram, out_r, array</column>
<column name="out_r_Clk_A">out, 1, bram, out_r, array</column>
<column name="out_r_Rst_A">out, 1, bram, out_r, array</column>
<column name="out_r_Addr_B">out, 32, bram, out_r, array</column>
<column name="out_r_EN_B">out, 1, bram, out_r, array</column>
<column name="out_r_WEN_B">out, 8, bram, out_r, array</column>
<column name="out_r_Din_B">out, 64, bram, out_r, array</column>
<column name="out_r_Dout_B">in, 64, bram, out_r, array</column>
<column name="out_r_Clk_B">out, 1, bram, out_r, array</column>
<column name="out_r_Rst_B">out, 1, bram, out_r, array</column>
</table>
</item>
</section>
</profile>
