<?xml version="1.0" encoding="UTF-8"?>
<vivadoHLSLog:LogRoot xmlns:vivadoHLSLog="www.xilinx.com/vivadoHLSLog">
  <errorLogs>
    <logs>
      <synLog/>
      <simLog/>
      <mgLog/>
      <packageLog/>
      <csimLog/>
    </logs>
  </errorLogs>
  <warningLogs>
    <logs>
      <synLog>
        <logs message="WARNING: [RTGEN 206-101] Design contains AXI ports. Reset is fixed to synchronous and active low." projectName="Cheb" solutionName="solution1" date="2020-05-08T16:50:15.510+0430" type="Warning"/>
        <logs message="WARNING: [SCHED 204-21] The critical path in module 'cheb2' consists of the following:&#xD;&#xA;&#x9;'dadd' operation ('t_DerK', Cheb/core.cpp:104) [235]  (8.23 ns)&#xD;&#xA;&#x9;multiplexor before 'phi' operation ('t_DerK') with incoming values : ('t_DerK', Cheb/core.cpp:104) [243]  (1.77 ns)&#xD;&#xA;&#x9;'phi' operation ('t_DerK') with incoming values : ('t_DerK', Cheb/core.cpp:104) [243]  (0 ns)&#xD;&#xA;&#x9;'phi' operation ('b2_DerK', Cheb/core.cpp:104) with incoming values : ('t_DerK', Cheb/core.cpp:104) [149]  (0 ns)&#xD;&#xA;&#x9;'dmul' operation ('tmp6', Cheb/core.cpp:104) [225]  (7.79 ns)" projectName="Cheb" solutionName="solution1" date="2020-05-08T16:50:14.287+0430" type="Warning"/>
        <logs message="WARNING: [SCHED 204-21] Estimated clock period (17.79ns) exceeds the target (target clock period: 10ns, clock uncertainty: 1.25ns, effective delay budget: 8.75ns)." projectName="Cheb" solutionName="solution1" date="2020-05-08T16:50:14.275+0430" type="Warning"/>
        <logs message="WARNING: [SCHED 204-68] The II Violation in module 'cheb2' (Loop: Loop 5.1): Unable to enforce a carried dependence constraint (II = 17, distance = 1, offset = 0)&#xD;&#xA;   between 'dadd' operation ('t_Val', Cheb/core.cpp:76) and 'dmul' operation ('tmp1', Cheb/core.cpp:76)." projectName="Cheb" solutionName="solution1" date="2020-05-08T16:50:14.026+0430" type="Warning"/>
        <logs message="WARNING: [SCHED 204-68] The II Violation in module 'cheb2' (Loop: Loop 5.1): Unable to enforce a carried dependence constraint (II = 15, distance = 1, offset = 0)&#xD;&#xA;   between 'dadd' operation ('t_Val', Cheb/core.cpp:76) and 'dmul' operation ('tmp1', Cheb/core.cpp:76)." projectName="Cheb" solutionName="solution1" date="2020-05-08T16:50:14.011+0430" type="Warning"/>
        <logs message="WARNING: [SCHED 204-68] The II Violation in module 'cheb2' (Loop: Loop 5.1): Unable to enforce a carried dependence constraint (II = 11, distance = 1, offset = 0)&#xD;&#xA;   between 'dadd' operation ('t_Val', Cheb/core.cpp:76) and 'dmul' operation ('tmp1', Cheb/core.cpp:76)." projectName="Cheb" solutionName="solution1" date="2020-05-08T16:50:14.001+0430" type="Warning"/>
        <logs message="WARNING: [SCHED 204-68] The II Violation in module 'cheb2' (Loop: Loop 5.1): Unable to enforce a carried dependence constraint (II = 4, distance = 1, offset = 0)&#xD;&#xA;   between 'dadd' operation ('t_Val', Cheb/core.cpp:76) and 'dmul' operation ('tmp1', Cheb/core.cpp:76)." projectName="Cheb" solutionName="solution1" date="2020-05-08T16:50:13.990+0430" type="Warning"/>
        <logs message="WARNING: [SCHED 204-68] The II Violation in module 'cheb2' (Loop: Loop 5.1): Unable to enforce a carried dependence constraint (II = 3, distance = 1, offset = 0)&#xD;&#xA;   between 'dadd' operation ('t_Val', Cheb/core.cpp:76) and 'dmul' operation ('tmp1', Cheb/core.cpp:76)." projectName="Cheb" solutionName="solution1" date="2020-05-08T16:50:13.955+0430" type="Warning"/>
        <logs message="WARNING: [SCHED 204-68] The II Violation in module 'cheb2' (Loop: Loop 5.1): Unable to enforce a carried dependence constraint (II = 2, distance = 1, offset = 0)&#xD;&#xA;   between 'dadd' operation ('t_Val', Cheb/core.cpp:76) and 'dmul' operation ('tmp1', Cheb/core.cpp:76)." projectName="Cheb" solutionName="solution1" date="2020-05-08T16:50:13.945+0430" type="Warning"/>
        <logs message="WARNING: [SCHED 204-68] The II Violation in module 'cheb2' (Loop: Loop 5.1): Unable to enforce a carried dependence constraint (II = 1, distance = 1, offset = 0)&#xD;&#xA;   between 'dadd' operation ('t_Val', Cheb/core.cpp:76) and 'dmul' operation ('tmp1', Cheb/core.cpp:76)." projectName="Cheb" solutionName="solution1" date="2020-05-08T16:50:13.935+0430" type="Warning"/>
        <logs message="WARNING: [SYN 201-107] Renaming port name 'cheb2/out' to 'cheb2/out_r' to avoid the conflict with HDL keywords or other object names." projectName="Cheb" solutionName="solution1" date="2020-05-08T16:50:13.344+0430" type="Warning"/>
        <logs message="WARNING: [XFORM 203-542] Cannot flatten a loop nest 'Loop-5' (Cheb/core.cpp:48:19) in function 'cheb2' : &#xD;&#xA;&#xD;&#xA;the outer loop is not a perfect loop because there is nontrivial logic in the loop latch." projectName="Cheb" solutionName="solution1" date="2020-05-08T16:50:13.295+0430" type="Warning"/>
        <logs message="WARNING: [HLS 200-484] The 'config_sdx -optimization_level' command is deprecated and will be removed in a future release." projectName="Cheb" solutionName="solution1" date="2020-05-08T16:49:27.224+0430" type="Warning"/>
        <logs message="WARNING: [HLS 200-483] The 'config_sdx -optimization_level' command is deprecated and will be removed in a future release. Use 'config_export -vivado_optimization_level' as its replacement." projectName="Cheb" solutionName="solution1" date="2020-05-08T16:49:26.861+0430" type="Warning"/>
      </synLog>
      <simLog/>
      <mgLog/>
      <packageLog>
        <logs message="WARNING: [IP_Flow 19-4832] The IP name 'cheb2_ap_sitodp_4_no_dsp_32' you have specified is long. The Windows operating system has path length limitations. It is recommended you use shorter names to reduce the likelihood of issues." projectName="Cheb" solutionName="solution1" date="2020-05-08T16:51:51.463+0430" type="Warning"/>
        <logs message="WARNING: [IP_Flow 19-4832] The IP name 'cheb2_ap_dmul_4_max_dsp_64' you have specified is long. The Windows operating system has path length limitations. It is recommended you use shorter names to reduce the likelihood of issues." projectName="Cheb" solutionName="solution1" date="2020-05-08T16:51:46.808+0430" type="Warning"/>
        <logs message="WARNING: [IP_Flow 19-4832] The IP name 'cheb2_ap_ddiv_29_no_dsp_64' you have specified is long. The Windows operating system has path length limitations. It is recommended you use shorter names to reduce the likelihood of issues." projectName="Cheb" solutionName="solution1" date="2020-05-08T16:51:39.914+0430" type="Warning"/>
        <logs message="WARNING: [IP_Flow 19-4832] The IP name 'cheb2_ap_dadddsub_3_full_dsp_64' you have specified is long. The Windows operating system has path length limitations. It is recommended you use shorter names to reduce the likelihood of issues." projectName="Cheb" solutionName="solution1" date="2020-05-08T16:51:30.131+0430" type="Warning"/>
        <logs message="WARNING: [IP_Flow 19-4832] The IP name 'cheb2_ap_dadd_3_full_dsp_64' you have specified is long. The Windows operating system has path length limitations. It is recommended you use shorter names to reduce the likelihood of issues.&#xD;&#xA;create_ip: Time (s): cpu = 00:00:04 ; elapsed = 00:00:07 . Memory (MB): peak = 418.438 ; gain = 42.652" projectName="Cheb" solutionName="solution1" date="2020-05-08T16:51:24.537+0430" type="Warning"/>
        <logs message="WARNING: [IMPL 213-205] Ignored option '-use_netlist' which is only valid for 'pcore'." projectName="Cheb" solutionName="solution1" date="2020-05-08T16:50:42.260+0430" type="Warning"/>
      </packageLog>
      <csimLog/>
    </logs>
  </warningLogs>
</vivadoHLSLog:LogRoot>
