<?xml version="1.0" encoding="UTF-8"?>
<vivadoHLSLog:LogRoot xmlns:vivadoHLSLog="www.xilinx.com/vivadoHLSLog">
  <errorLogs>
    <logs>
      <synLog/>
      <simLog/>
      <mgLog/>
      <packageLog/>
      <csimLog/>
    </logs>
  </errorLogs>
  <warningLogs>
    <logs>
      <synLog>
        <logs message="WARNING: [RTGEN 206-101] Setting dangling out port 'cheb1/p_Din_A' to 0." projectName="FOrthopoly" solutionName="solution1" date="2020-05-13T03:51:52.165+0430" type="Warning"/>
        <logs message="WARNING: [RTGEN 206-101] Setting dangling out port 'cheb1/p_WEN_A' to 0." projectName="FOrthopoly" solutionName="solution1" date="2020-05-13T03:51:52.156+0430" type="Warning"/>
        <logs message="WARNING: [RTGEN 206-101] Setting dangling out port 'Cheb1DerK/P_Din_A' to 0." projectName="FOrthopoly" solutionName="solution1" date="2020-05-13T03:51:51.617+0430" type="Warning"/>
        <logs message="WARNING: [RTGEN 206-101] Setting dangling out port 'Cheb1DerK/P_WEN_A' to 0." projectName="FOrthopoly" solutionName="solution1" date="2020-05-13T03:51:51.576+0430" type="Warning"/>
        <logs message="WARNING: [RTGEN 206-101] Setting dangling out port 'Cheb1Der/P_Din_A' to 0." projectName="FOrthopoly" solutionName="solution1" date="2020-05-13T03:51:51.354+0430" type="Warning"/>
        <logs message="WARNING: [RTGEN 206-101] Setting dangling out port 'Cheb1Der/P_WEN_A' to 0." projectName="FOrthopoly" solutionName="solution1" date="2020-05-13T03:51:51.345+0430" type="Warning"/>
        <logs message="WARNING: [RTGEN 206-101] Setting dangling out port 'Cheb1Val/P_Din_A' to 0." projectName="FOrthopoly" solutionName="solution1" date="2020-05-13T03:51:50.834+0430" type="Warning"/>
        <logs message="WARNING: [RTGEN 206-101] Setting dangling out port 'Cheb1Val/P_WEN_A' to 0." projectName="FOrthopoly" solutionName="solution1" date="2020-05-13T03:51:50.824+0430" type="Warning"/>
        <logs message="WARNING: [SYN 201-107] Renaming port name 'cheb1/Val' to 'cheb1/Val_r' to avoid the conflict with HDL keywords or other object names." projectName="FOrthopoly" solutionName="solution1" date="2020-05-13T03:51:48.280+0430" type="Warning"/>
      </synLog>
      <simLog/>
      <mgLog/>
      <packageLog>
        <logs message="WARNING: [IP_Flow 19-4832] The IP name 'cheb1_ap_uitodp_4_no_dsp_32' you have specified is long. The Windows operating system has path length limitations. It is recommended you use shorter names to reduce the likelihood of issues." projectName="FOrthopoly" solutionName="solution1" date="2020-05-13T03:53:20.299+0430" type="Warning"/>
        <logs message="WARNING: [IP_Flow 19-4832] The IP name 'cheb1_ap_sitodp_4_no_dsp_32' you have specified is long. The Windows operating system has path length limitations. It is recommended you use shorter names to reduce the likelihood of issues." projectName="FOrthopoly" solutionName="solution1" date="2020-05-13T03:53:15.351+0430" type="Warning"/>
        <logs message="WARNING: [IP_Flow 19-4832] The IP name 'cheb1_ap_dmul_4_max_dsp_64' you have specified is long. The Windows operating system has path length limitations. It is recommended you use shorter names to reduce the likelihood of issues." projectName="FOrthopoly" solutionName="solution1" date="2020-05-13T03:53:10.479+0430" type="Warning"/>
        <logs message="WARNING: [IP_Flow 19-4832] The IP name 'cheb1_ap_ddiv_29_no_dsp_64' you have specified is long. The Windows operating system has path length limitations. It is recommended you use shorter names to reduce the likelihood of issues." projectName="FOrthopoly" solutionName="solution1" date="2020-05-13T03:53:04.343+0430" type="Warning"/>
        <logs message="WARNING: [IP_Flow 19-4832] The IP name 'cheb1_ap_dadddsub_3_full_dsp_64' you have specified is long. The Windows operating system has path length limitations. It is recommended you use shorter names to reduce the likelihood of issues." projectName="FOrthopoly" solutionName="solution1" date="2020-05-13T03:52:59.013+0430" type="Warning"/>
        <logs message="WARNING: [IP_Flow 19-4832] The IP name 'cheb1_ap_dadd_3_full_dsp_64' you have specified is long. The Windows operating system has path length limitations. It is recommended you use shorter names to reduce the likelihood of issues.&#xD;&#xA;create_ip: Time (s): cpu = 00:00:03 ; elapsed = 00:00:07 . Memory (MB): peak = 420.395 ; gain = 42.637" projectName="FOrthopoly" solutionName="solution1" date="2020-05-13T03:52:53.174+0430" type="Warning"/>
      </packageLog>
      <csimLog/>
    </logs>
  </warningLogs>
</vivadoHLSLog:LogRoot>
