<?xml version="1.0" encoding="UTF-8"?>
<vivadoHLSLog:LogRoot xmlns:vivadoHLSLog="www.xilinx.com/vivadoHLSLog">
  <errorLogs>
    <logs>
      <synLog/>
      <simLog/>
      <mgLog/>
      <packageLog/>
      <csimLog/>
    </logs>
  </errorLogs>
  <warningLogs>
    <logs>
      <synLog>
        <logs message="WARNING: [SCHED 204-21] The critical path in module 'cheb' consists of the following:&#xD;&#xA;&#x9;'dadd' operation ('t_k', Cheb/core.cpp:87) [212]  (8.23 ns)&#xD;&#xA;&#x9;multiplexor before 'phi' operation ('t_k') with incoming values : ('t_k', Cheb/core.cpp:87) [221]  (1.77 ns)&#xD;&#xA;&#x9;'phi' operation ('t_k') with incoming values : ('t_k', Cheb/core.cpp:87) [221]  (0 ns)&#xD;&#xA;&#x9;'phi' operation ('b2_k', Cheb/core.cpp:87) with incoming values : ('t_k', Cheb/core.cpp:87) [155]  (0 ns)&#xD;&#xA;&#x9;'dmul' operation ('tmp2', Cheb/core.cpp:87) [200]  (7.79 ns)" projectName="Cheb" solutionName="solution1" date="2020-05-17T02:42:47.070+0430" type="Warning"/>
        <logs message="WARNING: [SCHED 204-21] Estimated clock period (17.79ns) exceeds the target (target clock period: 10ns, clock uncertainty: 1.25ns, effective delay budget: 8.75ns)." projectName="Cheb" solutionName="solution1" date="2020-05-17T02:42:47.055+0430" type="Warning"/>
        <logs message="WARNING: [SCHED 204-68] The II Violation in module 'cheb' (Loop: Loop 5.1): Unable to enforce a carried dependence constraint (II = 17, distance = 1, offset = 0)&#xD;&#xA;   between 'phi' operation ('t_k') with incoming values : ('t_k', Cheb/core.cpp:87) and 'dmul' operation ('tmp2', Cheb/core.cpp:87)." projectName="Cheb" solutionName="solution1" date="2020-05-17T02:42:46.952+0430" type="Warning"/>
        <logs message="WARNING: [SCHED 204-68] The II Violation in module 'cheb' (Loop: Loop 5.1): Unable to enforce a carried dependence constraint (II = 15, distance = 1, offset = 0)&#xD;&#xA;   between 'phi' operation ('t_k') with incoming values : ('t_k', Cheb/core.cpp:87) and 'dmul' operation ('tmp2', Cheb/core.cpp:87)." projectName="Cheb" solutionName="solution1" date="2020-05-17T02:42:46.940+0430" type="Warning"/>
        <logs message="WARNING: [SCHED 204-68] The II Violation in module 'cheb' (Loop: Loop 5.1): Unable to enforce a carried dependence constraint (II = 11, distance = 1, offset = 0)&#xD;&#xA;   between 'dadd' operation ('t', Cheb/core.cpp:76) and 'dmul' operation ('tmp_15', Cheb/core.cpp:76)." projectName="Cheb" solutionName="solution1" date="2020-05-17T02:42:46.924+0430" type="Warning"/>
        <logs message="WARNING: [SCHED 204-68] The II Violation in module 'cheb' (Loop: Loop 5.1): Unable to enforce a carried dependence constraint (II = 4, distance = 1, offset = 0)&#xD;&#xA;   between 'dadd' operation ('t', Cheb/core.cpp:76) and 'dsub' operation ('tmp_16', Cheb/core.cpp:76)." projectName="Cheb" solutionName="solution1" date="2020-05-17T02:42:46.909+0430" type="Warning"/>
        <logs message="WARNING: [SCHED 204-68] The II Violation in module 'cheb' (Loop: Loop 5.1): Unable to enforce a carried dependence constraint (II = 3, distance = 1, offset = 0)&#xD;&#xA;   between 'dadd' operation ('t', Cheb/core.cpp:76) and 'dsub' operation ('tmp_16', Cheb/core.cpp:76)." projectName="Cheb" solutionName="solution1" date="2020-05-17T02:42:46.851+0430" type="Warning"/>
        <logs message="WARNING: [SCHED 204-68] The II Violation in module 'cheb' (Loop: Loop 5.1): Unable to enforce a carried dependence constraint (II = 2, distance = 1, offset = 0)&#xD;&#xA;   between 'dadd' operation ('t', Cheb/core.cpp:76) and 'dsub' operation ('tmp_16', Cheb/core.cpp:76)." projectName="Cheb" solutionName="solution1" date="2020-05-17T02:42:46.837+0430" type="Warning"/>
        <logs message="WARNING: [SCHED 204-68] The II Violation in module 'cheb' (Loop: Loop 5.1): Unable to enforce a carried dependence constraint (II = 1, distance = 1, offset = 0)&#xD;&#xA;   between 'dadd' operation ('t', Cheb/core.cpp:76) and 'dsub' operation ('tmp_16', Cheb/core.cpp:76)." projectName="Cheb" solutionName="solution1" date="2020-05-17T02:42:46.827+0430" type="Warning"/>
        <logs message="WARNING: [SYN 201-107] Renaming port name 'cheb/out' to 'cheb/out_r' to avoid the conflict with HDL keywords or other object names." projectName="Cheb" solutionName="solution1" date="2020-05-17T02:42:46.391+0430" type="Warning"/>
        <logs message="WARNING: [XFORM 203-542] Cannot flatten a loop nest 'Loop-5' (Cheb/core.cpp:48:19) in function 'cheb' : &#xD;&#xA;&#xD;&#xA;the outer loop is not a perfect loop because there is nontrivial logic in the loop latch." projectName="Cheb" solutionName="solution1" date="2020-05-17T02:42:46.326+0430" type="Warning"/>
      </synLog>
      <simLog/>
      <mgLog/>
      <packageLog>
        <logs message="WARNING: [IP_Flow 19-4832] The IP name 'cheb_ap_sitodp_4_no_dsp_32' you have specified is long. The Windows operating system has path length limitations. It is recommended you use shorter names to reduce the likelihood of issues." projectName="Cheb" solutionName="solution1" date="2020-05-17T02:44:11.762+0430" type="Warning"/>
        <logs message="WARNING: [IP_Flow 19-4832] The IP name 'cheb_ap_dadddsub_3_full_dsp_64' you have specified is long. The Windows operating system has path length limitations. It is recommended you use shorter names to reduce the likelihood of issues.&#xD;&#xA;create_ip: Time (s): cpu = 00:00:05 ; elapsed = 00:00:06 . Memory (MB): peak = 417.559 ; gain = 42.773" projectName="Cheb" solutionName="solution1" date="2020-05-17T02:43:46.925+0430" type="Warning"/>
        <logs message="WARNING: [IMPL 213-205] Ignored option '-use_netlist' which is only valid for 'pcore'." projectName="Cheb" solutionName="solution1" date="2020-05-17T02:43:27.184+0430" type="Warning"/>
      </packageLog>
      <csimLog/>
    </logs>
  </warningLogs>
</vivadoHLSLog:LogRoot>
