<?xml version="1.0" encoding="UTF-8"?>
<vivadoHLSLog:LogRoot xmlns:vivadoHLSLog="www.xilinx.com/vivadoHLSLog">
  <errorLogs>
    <logs>
      <synLog/>
      <simLog/>
      <mgLog/>
      <packageLog/>
      <csimLog/>
    </logs>
  </errorLogs>
  <warningLogs>
    <logs>
      <synLog>
        <logs message="WARNING: [RTGEN 206-101] Global array 'C_val' will not be exposed as RTL port." projectName="Gegen" solutionName="solution1" date="2020-04-30T02:10:05.770+0430" type="Warning"/>
        <logs message="WARNING: [RTGEN 206-101] Global array 'A_val' will not be exposed as RTL port." projectName="Gegen" solutionName="solution1" date="2020-04-30T02:10:05.760+0430" type="Warning"/>
        <logs message="WARNING: [SCHED 204-65] Unable to satisfy pipeline directive: Function contains subloop(s) not being unrolled." projectName="Gegen" solutionName="solution1" date="2020-04-30T02:10:02.823+0430" type="Warning"/>
        <logs message="WARNING: [SCHED 204-65] Unable to satisfy pipeline directive: Function contains subloop(s) not being unrolled." projectName="Gegen" solutionName="solution1" date="2020-04-30T02:10:02.068+0430" type="Warning"/>
        <logs message="WARNING: [SYN 201-107] Renaming port name 'Gegen/out' to 'Gegen/out_r' to avoid the conflict with HDL keywords or other object names." projectName="Gegen" solutionName="solution1" date="2020-04-30T02:10:01.990+0430" type="Warning"/>
        <logs message="WARNING: [XFORM 203-503] Cannot unroll loop 'Loop-1' (Gegen/core.cpp:17) in function 'RecurCoefGegen' completely: variable loop bound." projectName="Gegen" solutionName="solution1" date="2020-04-30T02:10:01.292+0430" type="Warning"/>
        <logs message="WARNING: [XFORM 203-503] Cannot unroll loop 'Loop-6.1' (Gegen/core.cpp:94) in function 'Gegen': cannot completely unroll a loop with a variable trip count." projectName="Gegen" solutionName="solution1" date="2020-04-30T02:10:01.253+0430" type="Warning"/>
        <logs message="WARNING: [XFORM 203-503] Cannot unroll loop 'Loop-6' (Gegen/core.cpp:74) in function 'Gegen' completely: variable loop bound." projectName="Gegen" solutionName="solution1" date="2020-04-30T02:10:01.215+0430" type="Warning"/>
        <logs message="WARNING: [XFORM 203-503] Cannot unroll loop 'Loop-5' (Gegen/core.cpp:70) in function 'Gegen': cannot completely unroll a loop with a variable trip count." projectName="Gegen" solutionName="solution1" date="2020-04-30T02:10:01.207+0430" type="Warning"/>
        <logs message="WARNING: [XFORM 203-503] Cannot unroll loop 'Loop-4' (Gegen/core.cpp:51) in function 'Gegen': cannot completely unroll a loop with a variable trip count." projectName="Gegen" solutionName="solution1" date="2020-04-30T02:10:01.197+0430" type="Warning"/>
        <logs message="WARNING: [XFORM 203-503] Cannot unroll loop 'Loop-3' (Gegen/core.cpp:47) in function 'Gegen': cannot completely unroll a loop with a variable trip count." projectName="Gegen" solutionName="solution1" date="2020-04-30T02:10:01.189+0430" type="Warning"/>
        <logs message="WARNING: [XFORM 203-503] Cannot unroll loop 'Loop-2' (Gegen/core.cpp:43) in function 'Gegen': cannot completely unroll a loop with a variable trip count." projectName="Gegen" solutionName="solution1" date="2020-04-30T02:10:01.182+0430" type="Warning"/>
        <logs message="WARNING: [XFORM 203-503] Cannot unroll loop 'Loop-1' (Gegen/core.cpp:36) in function 'Gegen': cannot completely unroll a loop with a variable trip count." projectName="Gegen" solutionName="solution1" date="2020-04-30T02:10:01.175+0430" type="Warning"/>
      </synLog>
      <simLog/>
      <mgLog/>
      <packageLog/>
      <csimLog/>
    </logs>
  </warningLogs>
</vivadoHLSLog:LogRoot>
