<?xml version="1.0" encoding="UTF-8"?>
<vivadoHLSLog:LogRoot xmlns:vivadoHLSLog="www.xilinx.com/vivadoHLSLog">
  <errorLogs>
    <logs>
      <synLog/>
      <simLog/>
      <mgLog/>
      <packageLog/>
      <csimLog/>
    </logs>
  </errorLogs>
  <warningLogs>
    <logs>
      <synLog>
        <logs message="WARNING: [RTGEN 206-101] Setting dangling out port 'legen/p_Din_A' to 0." projectName="FOrthopoly" solutionName="solution1" date="2020-05-14T03:07:37.575+0430" type="Warning"/>
        <logs message="WARNING: [RTGEN 206-101] Setting dangling out port 'legen/p_WEN_A' to 0." projectName="FOrthopoly" solutionName="solution1" date="2020-05-14T03:07:37.565+0430" type="Warning"/>
        <logs message="WARNING: [RTGEN 206-101] Setting dangling out port 'LegenDerK/P_Din_A' to 0." projectName="FOrthopoly" solutionName="solution1" date="2020-05-14T03:07:36.961+0430" type="Warning"/>
        <logs message="WARNING: [RTGEN 206-101] Setting dangling out port 'LegenDerK/P_WEN_A' to 0." projectName="FOrthopoly" solutionName="solution1" date="2020-05-14T03:07:36.939+0430" type="Warning"/>
        <logs message="WARNING: [RTGEN 206-101] Setting dangling out port 'LegenDer/P_Din_A' to 0." projectName="FOrthopoly" solutionName="solution1" date="2020-05-14T03:07:36.324+0430" type="Warning"/>
        <logs message="WARNING: [RTGEN 206-101] Setting dangling out port 'LegenDer/P_WEN_A' to 0." projectName="FOrthopoly" solutionName="solution1" date="2020-05-14T03:07:36.307+0430" type="Warning"/>
        <logs message="WARNING: [RTGEN 206-101] Setting dangling out port 'LegenVal/P_Din_A' to 0." projectName="FOrthopoly" solutionName="solution1" date="2020-05-14T03:07:35.534+0430" type="Warning"/>
        <logs message="WARNING: [RTGEN 206-101] Setting dangling out port 'LegenVal/P_WEN_A' to 0." projectName="FOrthopoly" solutionName="solution1" date="2020-05-14T03:07:35.512+0430" type="Warning"/>
        <logs message="WARNING: [SYN 201-107] Renaming port name 'legen/Val' to 'legen/Val_r' to avoid the conflict with HDL keywords or other object names." projectName="FOrthopoly" solutionName="solution1" date="2020-05-14T03:07:32.514+0430" type="Warning"/>
      </synLog>
      <simLog/>
      <mgLog/>
      <packageLog>
        <logs message="WARNING: [IP_Flow 19-4832] The IP name 'legen_ap_uitodp_4_no_dsp_32' you have specified is long. The Windows operating system has path length limitations. It is recommended you use shorter names to reduce the likelihood of issues." projectName="FOrthopoly" solutionName="solution1" date="2020-05-14T03:10:27.678+0430" type="Warning"/>
        <logs message="WARNING: [IP_Flow 19-4832] The IP name 'legen_ap_sitodp_4_no_dsp_32' you have specified is long. The Windows operating system has path length limitations. It is recommended you use shorter names to reduce the likelihood of issues." projectName="FOrthopoly" solutionName="solution1" date="2020-05-14T03:10:22.109+0430" type="Warning"/>
        <logs message="WARNING: [IP_Flow 19-4832] The IP name 'legen_ap_dmul_4_max_dsp_64' you have specified is long. The Windows operating system has path length limitations. It is recommended you use shorter names to reduce the likelihood of issues.&#xD;&#xA;create_ip: Time (s): cpu = 00:00:04 ; elapsed = 00:00:05 . Memory (MB): peak = 438.926 ; gain = 4.969" projectName="FOrthopoly" solutionName="solution1" date="2020-05-14T03:10:16.885+0430" type="Warning"/>
        <logs message="WARNING: [IP_Flow 19-4832] The IP name 'legen_ap_ddiv_29_no_dsp_64' you have specified is long. The Windows operating system has path length limitations. It is recommended you use shorter names to reduce the likelihood of issues." projectName="FOrthopoly" solutionName="solution1" date="2020-05-14T03:10:07.686+0430" type="Warning"/>
        <logs message="WARNING: [IP_Flow 19-4832] The IP name 'legen_ap_dadddsub_3_full_dsp_64' you have specified is long. The Windows operating system has path length limitations. It is recommended you use shorter names to reduce the likelihood of issues." projectName="FOrthopoly" solutionName="solution1" date="2020-05-14T03:10:02.051+0430" type="Warning"/>
        <logs message="WARNING: [IP_Flow 19-4832] The IP name 'legen_ap_dadd_3_full_dsp_64' you have specified is long. The Windows operating system has path length limitations. It is recommended you use shorter names to reduce the likelihood of issues.&#xD;&#xA;create_ip: Time (s): cpu = 00:00:06 ; elapsed = 00:00:15 . Memory (MB): peak = 419.633 ; gain = 42.754" projectName="FOrthopoly" solutionName="solution1" date="2020-05-14T03:09:55.747+0430" type="Warning"/>
      </packageLog>
      <csimLog/>
    </logs>
  </warningLogs>
</vivadoHLSLog:LogRoot>
