<?xml version="1.0" encoding="UTF-8"?>
<vivadoHLSLog:LogRoot xmlns:vivadoHLSLog="www.xilinx.com/vivadoHLSLog">
  <errorLogs>
    <logs>
      <synLog/>
      <simLog/>
      <mgLog/>
      <packageLog/>
      <csimLog/>
    </logs>
  </errorLogs>
  <warningLogs>
    <logs>
      <synLog>
        <logs message="WARNING: [RTGEN 206-101] Setting dangling out port 'cheb2/p_Din_A' to 0." projectName="FOrthopoly" solutionName="solution1" date="2020-05-13T02:28:03.938+0430" type="Warning"/>
        <logs message="WARNING: [RTGEN 206-101] Setting dangling out port 'cheb2/p_WEN_A' to 0." projectName="FOrthopoly" solutionName="solution1" date="2020-05-13T02:28:03.929+0430" type="Warning"/>
        <logs message="WARNING: [RTGEN 206-101] Setting dangling out port 'Cheb2DerK/P_Din_A' to 0." projectName="FOrthopoly" solutionName="solution1" date="2020-05-13T02:28:02.979+0430" type="Warning"/>
        <logs message="WARNING: [RTGEN 206-101] Setting dangling out port 'Cheb2DerK/P_WEN_A' to 0." projectName="FOrthopoly" solutionName="solution1" date="2020-05-13T02:28:02.947+0430" type="Warning"/>
        <logs message="WARNING: [RTGEN 206-101] Setting dangling out port 'Cheb2Der/P_Din_A' to 0." projectName="FOrthopoly" solutionName="solution1" date="2020-05-13T02:28:02.214+0430" type="Warning"/>
        <logs message="WARNING: [RTGEN 206-101] Setting dangling out port 'Cheb2Der/P_WEN_A' to 0." projectName="FOrthopoly" solutionName="solution1" date="2020-05-13T02:28:02.179+0430" type="Warning"/>
        <logs message="WARNING: [RTGEN 206-101] Setting dangling out port 'Cheb2Val/P_Din_A' to 0." projectName="FOrthopoly" solutionName="solution1" date="2020-05-13T02:28:01.661+0430" type="Warning"/>
        <logs message="WARNING: [RTGEN 206-101] Setting dangling out port 'Cheb2Val/P_WEN_A' to 0." projectName="FOrthopoly" solutionName="solution1" date="2020-05-13T02:28:01.642+0430" type="Warning"/>
        <logs message="WARNING: [SYN 201-107] Renaming port name 'cheb2/Val' to 'cheb2/Val_r' to avoid the conflict with HDL keywords or other object names." projectName="FOrthopoly" solutionName="solution1" date="2020-05-13T02:28:00.185+0430" type="Warning"/>
      </synLog>
      <simLog/>
      <mgLog/>
      <packageLog>
        <logs message="WARNING: [IP_Flow 19-4832] The IP name 'cheb2_ap_uitodp_4_no_dsp_32' you have specified is long. The Windows operating system has path length limitations. It is recommended you use shorter names to reduce the likelihood of issues." projectName="FOrthopoly" solutionName="solution1" date="2020-05-13T02:29:21.209+0430" type="Warning"/>
        <logs message="WARNING: [IP_Flow 19-4832] The IP name 'cheb2_ap_sitodp_4_no_dsp_32' you have specified is long. The Windows operating system has path length limitations. It is recommended you use shorter names to reduce the likelihood of issues." projectName="FOrthopoly" solutionName="solution1" date="2020-05-13T02:29:16.238+0430" type="Warning"/>
        <logs message="WARNING: [IP_Flow 19-4832] The IP name 'cheb2_ap_dmul_4_max_dsp_64' you have specified is long. The Windows operating system has path length limitations. It is recommended you use shorter names to reduce the likelihood of issues." projectName="FOrthopoly" solutionName="solution1" date="2020-05-13T02:29:11.362+0430" type="Warning"/>
        <logs message="WARNING: [IP_Flow 19-4832] The IP name 'cheb2_ap_ddiv_29_no_dsp_64' you have specified is long. The Windows operating system has path length limitations. It is recommended you use shorter names to reduce the likelihood of issues." projectName="FOrthopoly" solutionName="solution1" date="2020-05-13T02:29:03.721+0430" type="Warning"/>
        <logs message="WARNING: [IP_Flow 19-4832] The IP name 'cheb2_ap_dadddsub_3_full_dsp_64' you have specified is long. The Windows operating system has path length limitations. It is recommended you use shorter names to reduce the likelihood of issues." projectName="FOrthopoly" solutionName="solution1" date="2020-05-13T02:28:58.369+0430" type="Warning"/>
        <logs message="WARNING: [IP_Flow 19-4832] The IP name 'cheb2_ap_dadd_3_full_dsp_64' you have specified is long. The Windows operating system has path length limitations. It is recommended you use shorter names to reduce the likelihood of issues.&#xD;&#xA;create_ip: Time (s): cpu = 00:00:05 ; elapsed = 00:00:06 . Memory (MB): peak = 420.980 ; gain = 43.945" projectName="FOrthopoly" solutionName="solution1" date="2020-05-13T02:28:49.898+0430" type="Warning"/>
      </packageLog>
      <csimLog/>
    </logs>
  </warningLogs>
</vivadoHLSLog:LogRoot>
