<?xml version="1.0" encoding="UTF-8"?>
<vivadoHLSLog:LogRoot xmlns:vivadoHLSLog="www.xilinx.com/vivadoHLSLog">
  <errorLogs>
    <logs>
      <synLog/>
      <simLog/>
      <mgLog/>
      <packageLog/>
      <csimLog/>
    </logs>
  </errorLogs>
  <warningLogs>
    <logs>
      <synLog>
        <logs message="WARNING: [RTGEN 206-101] Setting dangling out port 'gegen/p_Din_A' to 0." projectName="FOrthopoly" solutionName="solution1" date="2020-05-15T00:34:29.562+0430" type="Warning"/>
        <logs message="WARNING: [RTGEN 206-101] Setting dangling out port 'gegen/p_WEN_A' to 0." projectName="FOrthopoly" solutionName="solution1" date="2020-05-15T00:34:29.545+0430" type="Warning"/>
        <logs message="WARNING: [RTGEN 206-101] Setting dangling out port 'GegenDerK/P_Din_A' to 0." projectName="FOrthopoly" solutionName="solution1" date="2020-05-15T00:34:28.968+0430" type="Warning"/>
        <logs message="WARNING: [RTGEN 206-101] Setting dangling out port 'GegenDerK/P_WEN_A' to 0." projectName="FOrthopoly" solutionName="solution1" date="2020-05-15T00:34:28.945+0430" type="Warning"/>
        <logs message="WARNING: [RTGEN 206-101] Setting dangling out port 'GegenDer/P_Din_A' to 0." projectName="FOrthopoly" solutionName="solution1" date="2020-05-15T00:34:27.930+0430" type="Warning"/>
        <logs message="WARNING: [RTGEN 206-101] Setting dangling out port 'GegenDer/P_WEN_A' to 0." projectName="FOrthopoly" solutionName="solution1" date="2020-05-15T00:34:27.911+0430" type="Warning"/>
        <logs message="WARNING: [RTGEN 206-101] Setting dangling out port 'GegenVal/P_Din_A' to 0." projectName="FOrthopoly" solutionName="solution1" date="2020-05-15T00:34:27.306+0430" type="Warning"/>
        <logs message="WARNING: [RTGEN 206-101] Setting dangling out port 'GegenVal/P_WEN_A' to 0." projectName="FOrthopoly" solutionName="solution1" date="2020-05-15T00:34:27.221+0430" type="Warning"/>
        <logs message="WARNING: [SYN 201-107] Renaming port name 'gegen/Val' to 'gegen/Val_r' to avoid the conflict with HDL keywords or other object names." projectName="FOrthopoly" solutionName="solution1" date="2020-05-15T00:34:24.147+0430" type="Warning"/>
      </synLog>
      <simLog/>
      <mgLog/>
      <packageLog>
        <logs message="WARNING: [IP_Flow 19-4832] The IP name 'gegen_ap_uitodp_4_no_dsp_32' you have specified is long. The Windows operating system has path length limitations. It is recommended you use shorter names to reduce the likelihood of issues." projectName="FOrthopoly" solutionName="solution1" date="2020-05-15T00:35:54.823+0430" type="Warning"/>
        <logs message="WARNING: [IP_Flow 19-4832] The IP name 'gegen_ap_sitodp_4_no_dsp_32' you have specified is long. The Windows operating system has path length limitations. It is recommended you use shorter names to reduce the likelihood of issues." projectName="FOrthopoly" solutionName="solution1" date="2020-05-15T00:35:50.190+0430" type="Warning"/>
        <logs message="WARNING: [IP_Flow 19-4832] The IP name 'gegen_ap_dmul_4_max_dsp_64' you have specified is long. The Windows operating system has path length limitations. It is recommended you use shorter names to reduce the likelihood of issues." projectName="FOrthopoly" solutionName="solution1" date="2020-05-15T00:35:45.624+0430" type="Warning"/>
        <logs message="WARNING: [IP_Flow 19-4832] The IP name 'gegen_ap_ddiv_29_no_dsp_64' you have specified is long. The Windows operating system has path length limitations. It is recommended you use shorter names to reduce the likelihood of issues." projectName="FOrthopoly" solutionName="solution1" date="2020-05-15T00:35:39.294+0430" type="Warning"/>
        <logs message="WARNING: [IP_Flow 19-4832] The IP name 'gegen_ap_dadddsub_3_full_dsp_64' you have specified is long. The Windows operating system has path length limitations. It is recommended you use shorter names to reduce the likelihood of issues." projectName="FOrthopoly" solutionName="solution1" date="2020-05-15T00:35:30.356+0430" type="Warning"/>
        <logs message="WARNING: [IP_Flow 19-4832] The IP name 'gegen_ap_dadd_3_full_dsp_64' you have specified is long. The Windows operating system has path length limitations. It is recommended you use shorter names to reduce the likelihood of issues.&#xD;&#xA;create_ip: Time (s): cpu = 00:00:04 ; elapsed = 00:00:09 . Memory (MB): peak = 418.777 ; gain = 42.250" projectName="FOrthopoly" solutionName="solution1" date="2020-05-15T00:35:25.212+0430" type="Warning"/>
      </packageLog>
      <csimLog/>
    </logs>
  </warningLogs>
</vivadoHLSLog:LogRoot>
