<?xml version="1.0" encoding="UTF-8"?>
<vivadoHLSLog:LogRoot xmlns:vivadoHLSLog="www.xilinx.com/vivadoHLSLog">
  <errorLogs>
    <logs>
      <synLog/>
      <simLog/>
      <mgLog/>
      <packageLog/>
      <csimLog/>
    </logs>
  </errorLogs>
  <warningLogs>
    <logs>
      <synLog>
        <logs message="WARNING: [RTGEN 206-101] Setting dangling out port 'herm1/p_Din_A' to 0." projectName="FOrthopoly" solutionName="solution1" date="2020-05-13T04:34:27.276+0430" type="Warning"/>
        <logs message="WARNING: [RTGEN 206-101] Setting dangling out port 'herm1/p_WEN_A' to 0." projectName="FOrthopoly" solutionName="solution1" date="2020-05-13T04:34:27.265+0430" type="Warning"/>
        <logs message="WARNING: [RTGEN 206-101] Setting dangling out port 'Herm1DerK/P_Din_A' to 0." projectName="FOrthopoly" solutionName="solution1" date="2020-05-13T04:34:26.589+0430" type="Warning"/>
        <logs message="WARNING: [RTGEN 206-101] Setting dangling out port 'Herm1DerK/P_WEN_A' to 0." projectName="FOrthopoly" solutionName="solution1" date="2020-05-13T04:34:26.578+0430" type="Warning"/>
        <logs message="WARNING: [RTGEN 206-101] Setting dangling out port 'Herm1Der/P_Din_A' to 0." projectName="FOrthopoly" solutionName="solution1" date="2020-05-13T04:34:26.143+0430" type="Warning"/>
        <logs message="WARNING: [RTGEN 206-101] Setting dangling out port 'Herm1Der/P_WEN_A' to 0." projectName="FOrthopoly" solutionName="solution1" date="2020-05-13T04:34:26.130+0430" type="Warning"/>
        <logs message="WARNING: [RTGEN 206-101] Setting dangling out port 'Herm1Val/P_Din_A' to 0." projectName="FOrthopoly" solutionName="solution1" date="2020-05-13T04:34:25.731+0430" type="Warning"/>
        <logs message="WARNING: [RTGEN 206-101] Setting dangling out port 'Herm1Val/P_WEN_A' to 0." projectName="FOrthopoly" solutionName="solution1" date="2020-05-13T04:34:25.721+0430" type="Warning"/>
        <logs message="WARNING: [SYN 201-107] Renaming port name 'herm1/Val' to 'herm1/Val_r' to avoid the conflict with HDL keywords or other object names." projectName="FOrthopoly" solutionName="solution1" date="2020-05-13T04:34:23.715+0430" type="Warning"/>
      </synLog>
      <simLog/>
      <mgLog/>
      <packageLog>
        <logs message="WARNING: [IP_Flow 19-4832] The IP name 'herm1_ap_sitodp_4_no_dsp_32' you have specified is long. The Windows operating system has path length limitations. It is recommended you use shorter names to reduce the likelihood of issues." projectName="FOrthopoly" solutionName="solution1" date="2020-05-13T04:35:38.672+0430" type="Warning"/>
        <logs message="WARNING: [IP_Flow 19-4832] The IP name 'herm1_ap_dmul_4_max_dsp_64' you have specified is long. The Windows operating system has path length limitations. It is recommended you use shorter names to reduce the likelihood of issues." projectName="FOrthopoly" solutionName="solution1" date="2020-05-13T04:35:33.094+0430" type="Warning"/>
        <logs message="WARNING: [IP_Flow 19-4832] The IP name 'herm1_ap_dadddsub_3_full_dsp_64' you have specified is long. The Windows operating system has path length limitations. It is recommended you use shorter names to reduce the likelihood of issues.&#xD;&#xA;create_ip: Time (s): cpu = 00:00:05 ; elapsed = 00:00:06 . Memory (MB): peak = 419.891 ; gain = 41.879" projectName="FOrthopoly" solutionName="solution1" date="2020-05-13T04:35:25.937+0430" type="Warning"/>
      </packageLog>
      <csimLog/>
    </logs>
  </warningLogs>
</vivadoHLSLog:LogRoot>
